,trend_kst,trend_kst_sig,trend_kst_diff,Zero,converted,side,signal,entry/exit
0,35.1717173145533,35.1717173145533,0.0,0,-1,,0.0,
1,25.4267838514244,30.299250582988854,-4.872466731564452,0,-1,,0.0,0.0
2,49.26821311787579,36.62223809461782,12.64597502325796,0,1,,1.0,1.0
3,65.69366941562917,43.89009592487065,21.80357349075851,0,1,,1.0,0.0
4,79.44693060747869,51.00146286139227,28.44546774608641,0,1,,1.0,0.0
5,75.74507258199806,55.12539781482658,20.619674767171496,0,1,,1.0,0.0
6,74.72942257838696,57.92597278104949,16.803449797337485,0,1,,1.0,0.0
7,75.43862041369043,60.115053735129614,15.323566678560836,0,1,,1.0,0.0
8,77.33857709737799,62.0287785531572,15.309798544220788,0,1,,1.0,0.0
9,84.15391667514345,67.47124514877834,16.682671526365127,0,1,,1.0,0.0
10,91.76693700936552,74.84237327743845,16.92456373192708,0,1,,1.0,0.0
11,100.44179564202005,80.52832689123225,19.913468750787803,0,1,,1.0,0.0
12,97.8448880163788,84.10068451353777,13.744203502841016,0,1,,1.0,0.0
13,93.59312174655642,85.67248352899088,7.920638217565553,0,1,,1.0,0.0
14,91.63421004246996,87.43794324682106,4.1962667956488815,0,1,,1.0,0.0
15,97.65596176277118,89.98533648953043,7.670625273240759,0,1,,1.0,0.0
16,105.23840462319369,93.2964236239197,11.941980999274024,0,1,,1.0,0.0
17,106.69437203006215,96.55817861644013,10.136193413622037,0,1,,1.0,0.0
18,100.91564062866371,98.42059238905348,2.495048239610228,0,1,,1.0,0.0
19,88.82657502079016,98.093885501434,-9.267310480643843,0,-1,,0.0,-1.0
20,82.33290868539531,96.0817869506979,-13.748878265302595,0,-1,,0.0,0.0
21,75.48949295425909,93.59785416601794,-18.108361211758837,0,-1,,0.0,0.0
22,71.30868561558356,91.12180570702095,-19.813120091437387,0,-1,,0.0,0.0
23,64.55024950784734,88.11247675872956,-23.562227250882202,0,-1,,0.0,0.0
24,51.24327901443254,82.95551200891414,-31.71223299448161,0,-1,,0.0,0.0
25,35.29426903678723,75.18394138820231,-39.88967235141509,0,-1,,0.0,0.0
26,17.51495665840824,65.27511745801854,-47.7601607996103,0,-1,,0.0,0.0
27,3.2412597818502835,54.42240847503928,-51.181148693189,0,-1,,0.0,0.0
28,-7.424621061438874,43.72783113256938,-51.152452194008255,0,-1,,0.0,0.0
29,-21.68060567496705,32.170773981418016,-53.851379656385056,0,-1,,0.0,0.0
30,-38.963976783254985,19.45372178836089,-58.417698571615865,0,-1,,0.0,0.0
31,-57.20079002579339,5.174891161541228,-62.375681187334614,0,-1,,0.0,0.0
32,-71.73308918652664,-9.967702026722547,-61.7653871598041,0,-1,,0.0,0.0
33,-80.17873534166941,-24.57014806628943,-55.60858727537996,0,-1,,0.0,0.0
34,-86.59986509687805,-38.11394074780779,-48.48592434907025,0,-1,,0.0,0.0
35,-95.3896095177401,-50.65889254515761,-44.73071697258249,0,-1,,0.0,0.0
36,-103.21085187955448,-62.48690495198037,-40.72394692757412,0,-1,,0.0,0.0
37,-109.16949434797465,-73.79189087270656,-35.377603475268096,0,-1,,0.0,0.0
38,-113.0598374738328,-83.94513885035829,-29.114698623474514,0,-1,,0.0,0.0
39,-113.95198234749657,-92.27713946860737,-21.674842878889194,0,-1,,0.0,0.0
40,-113.18280558829218,-98.49736341999613,-14.685442168296065,0,-1,,0.0,0.0
41,-112.0388235595247,-102.97577835032922,-9.063045209195481,0,-1,,0.0,0.0
42,-110.56172680856452,-106.35166629109536,-4.210060517469188,0,-1,,0.0,0.0
43,-112.83589736222784,-109.26678098724531,-3.5691163749824995,0,-1,,0.0,0.0
44,-115.0774001474102,-111.45431327943086,-3.623086867979296,0,-1,,0.0,0.0
45,-111.35115832641199,-112.35879177352615,1.0076334471141737,0,1,,1.0,1.0
46,-110.65228565188913,-112.52354636284998,1.8712607109608683,0,1,,1.0,0.0
47,-105.05300325945277,-111.63389811680777,6.580894857354991,0,1,,1.0,0.0
48,-102.77329470015272,-110.39182171154732,7.618527011394576,0,1,,1.0,0.0
49,-98.48283922399678,-108.75849211551449,10.275652891517725,0,1,,1.0,0.0
50,-98.444241447511,-107.2479829919574,8.803741544446396,0,1,,1.0,0.0
51,-97.11837809518416,-105.75427757935957,8.635899484175397,0,1,,1.0,0.0
52,-101.72225673644752,-104.51942862093954,2.7971718844920157,0,1,,1.0,0.0
53,-105.04047190077709,-103.40421437131359,-1.6362575294634922,0,-1,,0.0,-1.0
54,-108.82638243744431,-103.12368371698385,-5.7026987204604325,0,-1,,0.0,0.0
55,-112.34659068435448,-103.31193983170223,-9.034650852652234,0,-1,,0.0,0.0
56,-113.84322719019406,-104.2886313795624,-9.554595810631652,0,-1,,0.0,0.0
57,-120.53766384207131,-106.2624501731089,-14.275213668962396,0,-1,,0.0,0.0
58,-124.14618371976368,-109.11393289486078,-15.032250824902887,0,-1,,0.0,0.0
59,-126.43507889890871,-112.22402594501608,-14.21105295389262,0,-1,,0.0,0.0
60,-128.1491725423814,-115.67189199470468,-12.477280547676726,0,-1,,0.0,0.0
61,-125.99068979600551,-118.36838455687777,-7.622305239127741,0,-1,,0.0,0.0
62,-125.81075859890423,-120.67619419000302,-5.134564408901227,0,-1,,0.0,0.0
63,-126.17912420253971,-122.60427660834694,-3.5748475941927613,0,-1,,0.0,0.0
64,-126.52120244775317,-124.17923347094678,-2.3419689768063416,0,-1,,0.0,0.0
65,-130.29146660189085,-126.00681562780198,-4.284650974088848,0,-1,,0.0,0.0
66,-135.56991941301467,-127.67706624679572,-7.892853166218941,0,-1,,0.0,0.0
67,-141.51352801091386,-129.60677116803464,-11.906756842879222,0,-1,,0.0,0.0
68,-146.44195374814947,-131.82975726239474,-14.612196485754735,0,-1,,0.0,0.0
69,-153.9607204442263,-134.69770702926638,-19.263013414959914,0,-1,,0.0,0.0
70,-160.32684244788152,-138.51283510169708,-21.81400734618444,0,-1,,0.0,0.0
71,-174.00366516525588,-143.8676024979584,-30.136062667297526,0,-1,,0.0,0.0
72,-189.7476351002068,-150.93077037547692,-38.81686472472985,0,-1,,0.0,0.0
73,-201.6464524572216,-159.27802037652896,-42.3684320806926,0,-1,,0.0,0.0
74,-210.70181242618577,-168.2125032458951,-42.48930918029069,0,-1,,0.0,0.0
75,-216.6357515320041,-177.21981792578282,-39.41593360622127,0,-1,,0.0,0.0
76,-226.5856865299614,-186.67227998345473,-39.91340654650668,0,-1,,0.0,0.0
77,-234.52070609653805,-196.45880802216462,-38.06189807437346,0,-1,,0.0,0.0
78,-241.98153735302498,-206.23889878980887,-35.7426385632161,0,-1,,0.0,0.0
79,-247.4623576584588,-215.92062270209527,-31.541734956363516,0,-1,,0.0,0.0
80,-251.2878669513979,-224.5077562338888,-26.780110717509107,0,-1,,0.0,0.0
81,-247.10859211911102,-230.88119590265597,-16.227396216455105,0,-1,,0.0,0.0
82,-244.8466967334621,-235.68122304446044,-9.165473689001685,0,-1,,0.0,0.0
83,-242.9202075093946,-239.26104472037247,-3.659162789022105,0,-1,,0.0,0.0
84,-239.22437892505909,-241.77089220848973,2.5465132834306416,0,1,,1.0,1.0
85,-240.4316442241113,-243.30933195228414,2.8776877281728734,0,1,,1.0,0.0
86,-239.75389083244136,-243.89079692294,4.1369060904986545,0,1,,1.0,0.0
87,-238.46650501866156,-243.50023777467743,5.033732756015894,0,1,,1.0,0.0
88,-236.3954821286457,-242.2705849380316,5.8751028093858215,0,1,,1.0,0.0
89,-237.4020569636304,-240.7277171616129,3.3256601979825287,0,1,,1.0,0.0
90,-233.15948665008727,-239.1778165539436,6.0183299038563405,0,1,,1.0,0.0
91,-228.3899626724673,-237.34929054716642,8.959327874699113,0,1,,1.0,0.0
92,-209.87095551632092,-233.6771514368249,23.80619592050397,0,1,,1.0,0.0
93,-189.6288620449604,-228.16653845014727,38.53767640518692,0,1,,1.0,0.0
94,-171.9104891040129,-220.55307677013639,48.64258766612341,0,1,,1.0,0.0
95,-150.96520086581302,-210.6876667738443,59.7224659080313,0,1,,1.0,0.0
96,-128.95924494994878,-198.5201934328762,69.56094848292742,0,1,,1.0,0.0
97,-103.99939244012668,-183.80951680081853,79.81012436069184,0,1,,1.0,0.0
98,-83.9364256493017,-166.75777998811537,82.82135433881363,0,1,,1.0,0.0
99,-60.012025195379465,-147.51917315981447,87.507147964435,0,1,,1.0,0.0
100,-38.669601102129675,-126.4391329853325,87.76953188320282,0,1,,1.0,0.0
101,-20.610422768612302,-105.41018490225376,84.79976213364147,0,1,,1.0,0.0
102,0.4813951664713101,-84.28682298987249,84.76821815634379,0,1,,1.0,0.0
103,18.711011626813146,-63.10665624200293,81.81766786881606,0,1,,1.0,0.0
104,38.81837692828918,-42.019592042658246,80.83796897094744,0,1,,1.0,0.0
105,55.426231994421336,-21.532316826617123,76.95854882103846,0,1,,1.0,0.0
106,69.64921815701183,-2.238026760268397,71.88724491728021,0,1,,1.0,0.0
107,76.89437821206813,15.632062557661586,61.262315654406535,0,1,,1.0,0.0
108,77.1676995876503,30.874254200220452,46.293445387429855,0,1,,1.0,0.0
109,78.10487969526629,43.84919651104222,34.255683184224054,0,1,,1.0,0.0
110,74.87253310272052,54.4584138300792,20.414119272641326,0,1,,1.0,0.0
111,66.23611750826885,61.76449409027892,4.471623417989925,0,1,,1.0,0.0
112,54.802651207550575,65.7746762659164,-10.972025058365844,0,-1,,0.0,-1.0
113,42.10109276939093,66.13942247048327,-24.038329701092334,0,-1,,0.0,0.0
114,26.181078384981717,62.889960958323314,-36.708882573341604,0,-1,,0.0,0.0
115,13.339488763074375,56.63332435899692,-43.293835595922566,0,-1,,0.0,0.0
116,3.378492560885607,48.46489261997665,-45.08640005909106,0,-1,,0.0,0.0
117,-10.407976974383823,38.73426189086175,-49.142238865245574,0,-1,,0.0,0.0
118,-19.254063652992297,27.916601518833023,-47.17066517182532,0,-1,,0.0,0.0
119,-30.628341099096676,16.194282163075563,-46.82262326217222,0,-1,,0.0,0.0
120,-40.536209853737134,4.330690233963785,-44.86690008770092,0,-1,,0.0,0.0
121,-43.58965776519664,-6.601788540785903,-36.98786922441072,0,-1,,0.0,0.0
122,-46.822744768557214,-16.482214933891257,-30.340529834665965,0,-1,,0.0,0.0
123,-51.858683050682856,-25.153299537853986,-26.70538351282888,0,-1,,0.0,0.0
124,-52.2911839468594,-32.44559650562441,-19.84558744123499,0,-1,,0.0,0.0
125,-53.06689753551965,-38.717306516336095,-14.34959101918355,0,-1,,0.0,0.0
126,-47.941742465360925,-42.88772490422245,-5.054017561138488,0,-1,,0.0,0.0
127,-43.71478707463916,-45.60558306218322,1.89079598754406,0,1,,1.0,1.0
128,-38.49867052200287,-46.480064109172794,7.981393587169919,0,1,,1.0,0.0
129,-32.368128717455434,-45.572499538474815,13.20437082101938,0,1,,1.0,0.0
130,-30.03107333976909,-44.06599015787175,14.034916818102655,0,1,,1.0,0.0
131,-26.298434846097766,-41.785511277598474,15.48707643150071,0,1,,1.0,0.0
132,-22.18368778594249,-38.488289581516206,16.304601795573713,0,1,,1.0,0.0
133,-15.379669183626374,-34.387010163379195,19.007340979752826,0,1,,1.0,0.0
134,-14.42525595337015,-30.09349443202926,15.668238478659108,0,1,,1.0,0.0
135,-13.234776093767705,-26.23716483518557,13.002388741417866,0,1,,1.0,0.0
136,-12.082216938656886,-22.722434820076426,10.640217881419543,0,1,,1.0,0.0
137,-6.421921304036653,-19.158351573635738,12.736430269599087,0,1,,1.0,0.0
138,2.2202407779135567,-15.315199407483634,17.535440185397192,0,1,,1.0,0.0
139,8.013536159730181,-11.088020574205935,19.101556733936114,0,1,,1.0,0.0
140,16.660356796544637,-6.314821502801225,22.975178299345867,0,1,,1.0,0.0
141,5.599675889888287,-3.2277810943755822,8.827456984263867,0,1,,1.0,0.0
142,-8.027630669228332,-2.410887926109133,-5.6167427431192,0,-1,,0.0,-1.0
143,-21.207381106695333,-3.1644573875897084,-18.042923719105627,0,-1,,0.0,0.0
144,-35.058349976456626,-5.589298930110698,-29.46905104634592,0,-1,,0.0,0.0
145,-48.6498504199731,-9.652369316923613,-38.99748110304948,0,-1,,0.0,0.0
146,-62.03165089463775,-15.831228160323729,-46.200422734314,0,-1,,0.0,0.0
147,-78.8894804890224,-24.843419412205506,-54.046061076816905,0,-1,,0.0,0.0
148,-92.7473841683231,-36.03907722643365,-56.70830694188946,0,-1,,0.0,0.0
149,-105.01534358779436,-49.558599491360205,-55.45674409643414,0,-1,,0.0,0.0
150,-116.97697013861557,-63.17822682786064,-53.798743310754936,0,-1,,0.0,0.0
151,-119.74541448966173,-75.59131391901991,-44.15410057064183,0,-1,,0.0,0.0
152,-125.83619425999281,-87.21673760271963,-38.619456657273204,0,-1,,0.0,0.0
153,-133.2209094216646,-98.12368865218716,-35.09722076947743,0,-1,,0.0,0.0
154,-137.6620474671045,-108.0139327685351,-29.648114698569387,0,-1,,0.0,0.0
155,-140.90429163631026,-116.7775595176098,-24.126732118700414,0,-1,,0.0,0.0
156,-142.00487078137076,-123.79038066120407,-18.214490120166676,0,-1,,0.0,0.0
157,-138.68524456144038,-128.89458737155044,-9.79065718988994,0,-1,,0.0,0.0
158,-134.5116333569321,-132.17195290145463,-2.339680455477435,0,-1,,0.0,0.0
159,-129.08709408766396,-133.51752222912668,4.430428141462727,0,1,,1.0,1.0
160,-127.31965201633275,-134.35910417653454,7.039452160201819,0,1,,1.0,0.0
161,-122.06735107878772,-133.94034382306734,11.8729927442796,0,1,,1.0,0.0
162,-113.91387288091082,-131.79511754076134,17.881244659850523,0,1,,1.0,0.0
163,-102.55098344579115,-127.89388820505987,25.342904759268702,0,1,,1.0,0.0
164,-90.9946507711312,-122.34837255337332,31.353721782242108,0,1,,1.0,0.0
165,-80.4003386528145,-115.50342453908928,35.10308588627478,0,1,,1.0,0.0
166,-71.51187291924151,-108.03971657884495,36.52784365960348,0,1,,1.0,0.0
167,-60.017564127090566,-99.76259777552923,39.74503364843867,0,1,,1.0,0.0
168,-50.74528096933008,-91.05795187349216,40.312670904162076,0,1,,1.0,0.0
169,-42.00140986315881,-81.57814718980617,39.57673732664736,0,1,,1.0,0.0
170,-33.137889804985164,-71.69709593716145,38.55920613217629,0,1,,1.0,0.0
171,-26.3696530548495,-61.96996040093243,35.600307346082914,0,1,,1.0,0.0
172,-23.276409127049323,-53.16167436551665,29.885265238467326,0,1,,1.0,0.0
173,-21.75540145170628,-45.4684244411361,23.71302298942982,0,1,,1.0,0.0
174,-16.724661521254564,-38.393349204296115,21.668687683041547,0,1,,1.0,0.0
175,-5.329209004488573,-31.039719880434674,25.710510875946106,0,1,,1.0,0.0
176,4.889879502815687,-23.827781699333983,28.71766120214967,0,1,,1.0,0.0
177,16.159029215748347,-16.393969456547488,32.55299867229584,0,1,,1.0,0.0
178,25.773273275748238,-8.863449107780037,34.63672238352828,0,1,,1.0,0.0
179,36.18280078162272,-1.1611501537124955,37.343950935335215,0,1,,1.0,0.0
180,46.5064019738703,6.936189293923039,39.57021267994727,0,1,,1.0,0.0
181,63.12060519534597,16.535857551966966,46.58474764337902,0,1,,1.0,0.0
182,79.46287847153212,27.782333098993448,51.680545372538674,0,1,,1.0,0.0
183,88.13095520578392,39.43295717977552,48.697998026008406,0,1,,1.0,0.0
184,96.6588380030377,50.764962402833994,45.893875600203714,0,1,,1.0,0.0
185,105.40495588924306,61.933304223548134,43.47165166569491,0,1,,1.0,0.0
186,112.1525912096181,72.59925555620033,39.55333565341776,0,1,,1.0,0.0
187,121.4254416363171,83.22727426293021,38.198167373386894,0,1,,1.0,0.0
188,127.9708058390161,93.42594149152949,34.54486434748662,0,1,,1.0,0.0
189,132.38929308079446,102.96848494785436,29.420808132940078,0,1,,1.0,0.0
190,135.66012372717026,111.0284314513904,24.63169227577985,0,1,,1.0,0.0
191,141.579337953533,117.93026028272381,23.64907767080919,0,1,,1.0,0.0
192,147.02009916810937,124.47349850075994,22.54660066734941,0,1,,1.0,0.0
193,156.52273981459996,131.12504314648908,25.397696668110854,0,1,,1.0,0.0
194,159.2005467245595,137.10233101707982,22.09821570747968,0,1,,1.0,0.0
195,161.71068346403396,142.60878571201494,19.101897752019028,0,1,,1.0,0.0
196,161.18090191412526,147.02605907621583,14.154842837909401,0,1,,1.0,0.0
197,161.50808921623013,150.7524238959063,10.755665320323827,0,1,,1.0,0.0
198,163.3293519601117,154.19020821583044,9.139143744281226,0,1,,1.0,0.0
199,165.8632996031398,157.54611664649372,8.317182956646093,0,1,,1.0,0.0
200,166.6214399355758,160.3285724222763,6.292867513299542,0,1,,1.0,0.0
201,161.9659322095029,161.98922053798663,-0.02328832848374418,0,-1,,0.0,-1.0
202,160.35459303971217,162.4149820074436,-2.0603889677313987,0,-1,,0.0,0.0
203,158.25884140137364,162.31034808264516,-4.0515066812715474,0,-1,,0.0,0.0
204,142.65418308264216,160.19295915137943,-17.538776068737235,0,-1,,0.0,0.0
205,127.12467205734859,156.40893361173755,-29.284261554388948,0,-1,,0.0,0.0
206,112.66829993320991,150.9822903580686,-38.31399042485873,0,-1,,0.0,0.0
207,95.57358000380638,143.45387125181253,-47.88029124800615,0,-1,,0.0,0.0
208,78.75572328813305,133.77525166125622,-55.019528373123165,0,-1,,0.0,0.0
209,68.99010825238744,122.92732591867973,-53.9372176662923,0,-1,,0.0,0.0
210,61.79300684210839,111.79700087785812,-50.003994035749734,0,-1,,0.0,0.0
211,54.85877704257465,100.07524354484285,-45.21646650226821,0,-1,,0.0,0.0
212,45.61788961168274,87.55958223487721,-41.94169262319445,0,-1,,0.0,0.0
213,39.85795609498375,76.13777923624848,-36.27982314126474,0,-1,,0.0,0.0
214,46.53411810196019,67.18327324120533,-20.649155139245142,0,-1,,0.0,0.0
215,54.817740194621955,60.75543327025111,-5.937693075629162,0,-1,,0.0,0.0
216,60.38690602924429,56.8458028286331,3.5411032006111967,0,1,,1.0,1.0
217,68.96334428794479,55.75776071750108,13.205583570443725,0,1,,1.0,0.0
218,78.971685377028,56.86682484246113,22.104860534566864,0,1,,1.0,0.0
219,92.44413150124906,60.272505360143434,32.17162614110564,0,1,,1.0,0.0
220,97.77476691783986,65.04094867961734,32.7338182382225,0,1,,1.0,0.0
221,101.57343876667083,71.25823191906049,30.31520684761037,0,1,,1.0,0.0
222,104.16479057198386,78.40343574983827,25.761354822145577,0,1,,1.0,0.0
223,106.59612036560249,85.07699155690963,21.51912880869285,0,1,,1.0,0.0
224,105.49544117863256,90.7078472217997,14.787593956832865,0,1,,1.0,0.0
225,99.21277740045929,95.02183292971249,4.190944470746814,0,1,,1.0,0.0
226,94.5908569549114,97.86933433715322,-3.2784773822418174,0,-1,,0.0,-1.0
227,85.46791014857119,98.59113708954688,-13.123226940975714,0,-1,,0.0,0.0
228,75.10352388594805,96.66440291006901,-21.56087902412095,0,-1,,0.0,0.0
229,64.57448657512647,92.97548287198973,-28.40099629686325,0,-1,,0.0,0.0
230,58.983303320726364,88.24324560021813,-29.259942279491753,0,-1,,0.0,0.0
231,54.775732660072535,82.75557249889465,-27.979839838822087,0,-1,,0.0,0.0
232,51.45805135192146,76.62912038626341,-25.171069034341954,0,-1,,0.0,0.0
233,47.30085281641777,70.16305501268397,-22.862202196266214,0,-1,,0.0,0.0
234,40.87424976284057,63.68099638628191,-22.806746623441327,0,-1,,0.0,0.0
235,34.561905807425184,57.01111292545011,-22.449207118024926,0,-1,,0.0,0.0
236,30.16168507985707,50.865976806704104,-20.704291726847032,0,-1,,0.0,0.0
237,22.547037929218803,45.0263672559564,-22.4793293267376,0,-1,,0.0,0.0
238,17.87635050462687,39.83768547034534,-21.96133496571847,0,-1,,0.0,0.0
239,12.525966319007713,34.67575913682104,-22.14979281781333,0,-1,,0.0,0.0
240,12.02201449815372,29.925346007718954,-17.903331509565234,0,-1,,0.0,0.0
241,7.890539383152556,25.084511344522408,-17.19397196136985,0,-1,,0.0,0.0
242,4.604282614865837,20.340447988794416,-15.73616537392858,0,-1,,0.0,0.0
243,1.3415773880628423,15.947928836041331,-14.60635144797849,0,-1,,0.0,0.0
244,1.563556141898245,12.28144553987167,-10.717889397973426,0,-1,,0.0,0.0
245,20.09892387141699,11.163360961156108,8.935562910260881,0,1,,1.0,1.0
246,41.798973159486415,13.302464875630285,28.49650828385613,0,1,,1.0,0.0
247,65.00584424221157,18.539075290917477,46.4667689512941,0,1,,1.0,0.0
248,83.81244206044353,26.459794817743678,57.35264724269986,0,1,,1.0,0.0
249,98.93072293448826,36.1163179773364,62.81440495715186,0,1,,1.0,0.0
250,113.81465073867662,47.88566368350575,65.92898705517088,0,1,,1.0,0.0
251,136.3177370237247,62.52049195115673,73.79724507256797,0,1,,1.0,0.0
252,157.46557234507725,79.86760250193609,77.59796984314113,0,1,,1.0,0.0
253,182.99371636669238,100.02650919357988,82.96720717311244,0,1,,1.0,0.0
254,188.5910603580222,118.7478576920916,69.8432026659306,0,1,,1.0,0.0
255,179.07713568777007,134.00098686190088,45.076148825869204,0,1,,1.0,0.0
256,158.42456856366007,144.3808451198396,14.043723443820513,0,1,,1.0,0.0
257,139.35089282526886,150.55178409370907,-11.200891268440218,0,-1,,0.0,-1.0
258,123.19428585498068,153.24773552931939,-30.053449674338665,0,-1,,0.0,0.0
259,104.67310667648763,152.23200841129838,-47.55890173481072,0,-1,,0.0,0.0
260,73.02985136242793,145.20002111559867,-72.17016975317077,0,-1,,0.0,0.0
261,36.234530121362575,131.72990531296378,-95.49537519160116,0,-1,,0.0,0.0
262,2.5519081010997064,111.68081550567568,-109.12890740457595,0,-1,,0.0,0.0
263,-33.63382175315557,86.98916193776705,-120.62298369092258,0,-1,,0.0,0.0
264,-53.80514777910261,61.11335266367007,-114.9185004427727,0,-1,,0.0,0.0
265,-73.14937090941262,35.382914944439776,-108.5322858538524,0,-1,,0.0,0.0
266,-87.60824255494936,10.165233235526637,-97.773475790476,0,-1,,0.0,0.0
267,-106.97800445305296,-15.409465687588213,-91.56853876546477,0,-1,,0.0,0.0
268,-128.22181279718868,-41.28667896244114,-86.93513383474755,0,-1,,0.0,0.0
269,-137.91359941214017,-64.72484015961537,-73.18875925252479,0,-1,,0.0,0.0
270,-139.6709640035103,-84.26989506237902,-55.401068941131285,0,-1,,0.0,0.0
271,-134.20214677188923,-99.46479004826669,-34.73735672362254,0,-1,,0.0,0.0
272,-131.49577221540477,-110.33834009962773,-21.157432115777056,0,-1,,0.0,0.0
273,-130.64395254068165,-118.87598507313652,-11.767967467545136,0,-1,,0.0,0.0
274,-123.87562734761164,-124.51223578849195,0.636608440880309,0,1,,1.0,1.0
275,-115.97108046604308,-127.66366222305791,11.69258175701485,0,1,,1.0,0.0
276,-102.55063214940536,-127.17173196709707,24.621099817691718,0,1,,1.0,0.0
277,-87.37741560942287,-122.63346561290086,35.256050003477995,0,1,,1.0,0.0
278,-68.86988569900454,-114.9619418669969,46.092056167992354,0,1,,1.0,0.0
279,-58.38561672250925,-105.93023661355231,47.544619891043084,0,1,,1.0,0.0
280,-50.822052185373956,-96.66578165949508,45.84372947412111,0,1,,1.0,0.0
281,-43.44085994362688,-86.8819025181864,43.44104257455954,0,1,,1.0,0.0
282,-33.29426167452798,-76.06527019972489,42.771008525196905,0,1,,1.0,0.0
283,-25.020244332362928,-65.08133875358615,40.061094421223224,0,1,,1.0,0.0
284,-17.386494670047302,-54.1274958873644,36.74100121731711,0,1,,1.0,0.0
285,-12.746870959983836,-44.149300199650895,31.402429239667054,0,1,,1.0,0.0
286,-12.467460645171313,-35.82597187028961,23.35851122511829,0,1,,1.0,0.0
287,-9.532405288017532,-29.232918491291045,19.700513203273516,0,1,,1.0,0.0
288,-11.454159096186538,-24.018312088366297,12.56415299217976,0,1,,1.0,0.0
289,-11.306432936875147,-19.62768772742199,8.32125479054684,0,1,,1.0,0.0
290,-6.357562140666477,-15.507321304870837,9.149759164204358,0,1,,1.0,0.0
291,-4.920762675960294,-12.354710305029984,7.433947629069692,0,1,,1.0,0.0
292,-1.3877739221529517,-9.728880259451099,8.341106337298148,0,1,,1.0,0.0
293,-1.067225024853638,-7.915628076651803,6.848403051798166,0,1,,1.0,0.0
294,0.9167954763225044,-6.397442917062211,7.3142383933847155,0,1,,1.0,0.0
295,3.3997467740066094,-4.6344198704868855,8.034166644493496,0,1,,1.0,0.0
296,5.876559093798102,-2.9223127169518155,8.798871810749919,0,1,,1.0,0.0
297,13.411556251256444,-0.15945545612481754,13.57101170738126,0,1,,1.0,0.0
298,24.55948004423965,3.825645986221272,20.733834058018378,0,1,,1.0,0.0
299,32.42076738792919,8.134349267176344,24.286418120752845,0,1,,1.0,0.0
300,35.752278561650584,12.653576071355332,23.09870249029525,0,1,,1.0,0.0
301,38.45389144266274,17.080427778557073,21.373463664105675,0,1,,1.0,0.0
302,38.62030484215924,21.49015331933628,17.130151522822956,0,1,,1.0,0.0
303,42.21745619338832,26.079115621232482,16.13834057215583,0,1,,1.0,0.0
304,44.77247326965532,30.67608523186012,14.096388037795204,0,1,,1.0,0.0
305,42.27218042256462,34.72004315727862,7.552137265285999,0,1,,1.0,0.0
306,39.11470505180079,37.57594857956132,1.53875647223947,0,1,,1.0,0.0
307,26.566665515717645,37.79896918750333,-11.23230367178568,0,-1,,0.0,-1.0
308,12.190079388589384,35.551114965354465,-23.36103557676507,0,-1,,0.0,0.0
309,-2.0959928633066727,31.345751473692538,-33.441744336999214,0,-1,,0.0,0.0
310,-12.036952847551515,25.735657663668732,-37.77261051122025,0,-1,,0.0,0.0
311,-24.527120642401187,18.719277054273128,-43.24639769667431,0,-1,,0.0,0.0
312,-39.99845219082964,9.584176122693355,-49.582628313522996,0,-1,,0.0,0.0
313,-55.867811537002154,-1.5980777447130283,-54.26973379228912,0,-1,,0.0,0.0
314,-70.43606995530583,-14.121216675587522,-56.314853279718314,0,-1,,0.0,0.0
315,-79.3693517328974,-27.286111873887318,-52.08323985901009,0,-1,,0.0,0.0
316,-86.77345323001518,-39.879458401190966,-46.89399482882421,0,-1,,0.0,0.0
317,-91.16994140885416,-51.36390515646247,-39.806036252391685,0,-1,,0.0,0.0
318,-91.56642290146164,-61.3050640495908,-30.261358851870842,0,-1,,0.0,0.0
319,-92.69475422421084,-70.26704198033072,-22.427712243880123,0,-1,,0.0,0.0
320,-91.90265963802437,-77.7532129798444,-14.149446658179938,0,-1,,0.0,0.0
321,-88.93533050578117,-83.1906439037279,-5.744686602053263,0,-1,,0.0,0.0
322,-82.85472566329462,-86.18918991776043,3.3344642544657863,0,1,,1.0,1.0
323,-74.88728064635161,-86.68376888343218,11.796488237080553,0,1,,1.0,0.0
324,-67.7572659107271,-85.39353712541326,17.63627121468616,0,1,,1.0,0.0
325,-64.08636567502258,-82.87274961930297,18.786383944280384,0,1,,1.0,0.0
326,-60.285072425631974,-79.44109751005605,19.156025084424087,0,1,,1.0,0.0
327,-56.09390293289571,-75.49970640243762,19.405803469541915,0,1,,1.0,0.0
328,-53.106312389444284,-71.10099064301909,17.994678253574826,0,1,,1.0,0.0
329,-49.32692905910528,-66.37035391202811,17.04342485292281,0,1,,1.0,0.0
330,-46.43380788323519,-61.64796250952299,15.214154626287801,0,1,,1.0,0.0
331,-45.788078073550786,-57.52944611066256,11.74136803711177,0,1,,1.0,0.0
332,-44.00380787145013,-54.0979491356735,10.094141264223381,0,1,,1.0,0.0
333,-39.808193049169674,-50.99249659550046,11.184303546330797,0,1,,1.0,0.0
334,-38.09211860279538,-48.10424692080854,10.012128318013167,0,1,,1.0,0.0
335,-32.31622715632764,-44.9965974464414,12.680370290113773,0,1,,1.0,0.0
336,-27.481473696213808,-41.817438642365644,14.335964946151822,0,1,,1.0,0.0
337,-20.571807506770305,-38.20249365540187,17.630686148631558,0,1,,1.0,0.0
338,-12.004851969612744,-34.0555962010138,22.05074423140105,0,1,,1.0,0.0
339,-2.1969208231247594,-29.140386527668195,26.943465704543435,0,1,,1.0,0.0
340,-2.6642302216309783,-24.348847877454887,21.684617655823907,0,1,,1.0,0.0
341,-5.7341324662429205,-20.09666172132075,14.362529255077831,0,1,,1.0,0.0
342,-7.442758934111338,-16.500502375203162,9.05774344109182,0,1,,1.0,0.0
343,-7.204924488440998,-13.068591918052672,5.863667429611675,0,1,,1.0,0.0
344,-5.068587008026032,-10.04107634601916,4.972489337993128,0,1,,1.0,0.0
345,-7.808100116447136,-7.8551459482673085,0.047045831820172516,0,1,,1.0,0.0
346,-6.914882598133915,-6.33770984730771,-0.5771727508262066,0,-1,,0.0,-1.0
347,-9.986664544998137,-6.113466800128308,-3.8731977448698274,0,-1,,0.0,0.0
348,-18.120076428543246,-7.882706311841473,-10.237370116701774,0,-1,,0.0,0.0
349,-27.68656823140116,-10.66296609070483,-17.023602140696333,0,-1,,0.0,0.0
350,-30.58282472998701,-13.423931897787506,-17.15889283219951,0,-1,,0.0,0.0
351,-29.61170946009967,-15.88714862289732,-13.724560837202349,0,-1,,0.0,0.0
352,-33.59872652458501,-18.819793293579988,-14.778933231005025,0,-1,,0.0,0.0
353,-43.30509020139544,-23.06829364839881,-20.23679655299663,0,-1,,0.0,0.0
354,-54.24447777176156,-28.227891165655972,-26.01658660610559,0,-1,,0.0,0.0
355,-58.03397105583855,-33.90778988317871,-24.12618117265984,0,-1,,0.0,0.0
356,-62.08296751831015,-39.69626799132449,-22.38669952698566,0,-1,,0.0,0.0
357,-67.7892140773562,-45.21506106341482,-22.574153013941395,0,-1,,0.0,0.0
358,-73.50809550006765,-50.306341871044424,-23.201753629023234,0,-1,,0.0,0.0
359,-80.2359454493151,-55.823355284303105,-24.412590165012002,0,-1,,0.0,0.0
360,-82.74327905817918,-61.726863017423035,-21.01641604075614,0,-1,,0.0,0.0
361,-84.76143648849198,-67.41160856896826,-17.349827919523722,0,-1,,0.0,0.0
362,-84.19507849356158,-71.95494060143119,-12.240137892130404,0,-1,,0.0,0.0
363,-84.1811237085102,-75.28123459440324,-8.899889114106971,0,-1,,0.0,0.0
364,-83.27961379361092,-78.08630600971128,-5.193307783899642,0,-1,,0.0,0.0
365,-84.57994937955041,-80.58597066096019,-3.993978718590213,0,-1,,0.0,0.0
366,-86.48661402162226,-82.66345954365643,-3.8231544779658577,0,-1,,0.0,0.0
367,-88.50352217317774,-84.32961806289089,-4.173904110286841,0,-1,,0.0,0.0
368,-87.6690895324448,-85.1555229610164,-2.513566571428385,0,-1,,0.0,0.0
369,-86.41886251135278,-85.56392112248015,-0.854941388872632,0,-1,,0.0,0.0
370,-84.76813213893418,-85.56466508364039,0.7965329447062004,0,1,,1.0,1.0
371,-84.07502042396169,-85.5513252981293,1.4763048741675957,0,1,,1.0,0.0
372,-82.83486369812294,-85.4017408525307,2.5668771544077487,0,1,,1.0,0.0
373,-80.34537011254213,-85.07571377685639,4.730343664314262,0,1,,1.0,0.0
374,-78.85686938951302,-84.43981600018557,5.582946610672566,0,1,,1.0,0.0
375,-76.41211550298199,-83.3204272758922,6.908311772910224,0,1,,1.0,0.0
376,-74.84802915526902,-81.80315027390236,6.955121118633343,0,1,,1.0,0.0
377,-71.3787374860709,-79.9931111576386,8.61437367156769,0,1,,1.0,0.0
378,-69.14399376009871,-78.07368129638814,8.929687536289421,0,1,,1.0,0.0
379,-68.41383195962243,-76.25653683202016,7.842704872397733,0,1,,1.0,0.0
380,-68.10218126196176,-74.48177692513126,6.379595663169511,0,1,,1.0,0.0
381,-67.29720865361325,-72.75537080907462,5.4581621554613795,0,1,,1.0,0.0
382,-65.29686383057557,-71.08331455552279,5.786450724947231,0,1,,1.0,0.0
383,-63.517189083640574,-69.37890563264807,5.861716549007504,0,1,,1.0,0.0
384,-61.42700105105229,-67.71389291576699,6.28689186471471,0,1,,1.0,0.0
385,-62.51227257186798,-66.34325329538909,3.8309807235211153,0,1,,1.0,0.0
386,-63.6771264343069,-65.48751873408196,1.8103922997750743,0,1,,1.0,0.0
387,-62.283899151789726,-64.72528599982542,2.4413868480356844,0,1,,1.0,0.0
388,-59.66078278309261,-63.75272498021099,4.091942197118392,0,1,,1.0,0.0
389,-55.56902226707281,-62.36015175855667,6.791129491483858,0,1,,1.0,0.0
390,-51.63194957684568,-60.61956741669361,8.987617839847944,0,1,,1.0,0.0
391,-47.370005992424716,-58.627694323565734,11.257688331141019,0,1,,1.0,0.0
392,-36.61350583486136,-55.638396184812486,19.02489034995113,0,1,,1.0,0.0
393,-21.34886177476121,-51.18526959855792,29.836407823796712,0,1,,1.0,0.0
394,-5.772776378950356,-44.88088113267818,39.10810475372783,0,1,,1.0,0.0
395,16.022292017887736,-36.02539019354545,52.047682211433184,0,1,,1.0,0.0
396,41.61604579971856,-24.48095186560008,66.09699766531864,0,1,,1.0,0.0
397,68.76285727517725,-10.211658525792318,78.97451580096956,0,1,,1.0,0.0
398,94.8049400717699,6.496559511856872,88.30838055991302,0,1,,1.0,0.0
399,122.74139569487646,25.871375653159326,96.87002004171713,0,1,,1.0,0.0
400,147.80709554940358,47.557720268918025,100.24937528048557,0,1,,1.0,0.0
401,172.78491404283767,70.82421136644014,101.96070267639752,0,1,,1.0,0.0
402,192.06350375397372,94.53669642518848,97.52680732878528,0,1,,1.0,0.0
403,205.9589776730041,118.0624468754056,87.8965307975985,0,1,,1.0,0.0
404,221.79719442389526,140.92632492051754,80.87086950337778,0,1,,1.0,0.0
405,235.3996043670087,162.45783142799422,72.9417729390145,0,1,,1.0,0.0
406,247.57723951712882,182.32609612154442,65.25114339558439,0,1,,1.0,0.0
407,247.24499366512123,199.263879854139,47.981113810982244,0,1,,1.0,0.0
408,245.55364706183417,212.90968556157875,32.64396150025544,0,1,,1.0,0.0
409,242.46355412484826,223.4270698477393,19.03648427710897,0,1,,1.0,0.0
410,238.18880288013042,230.69416860743846,7.49463427269194,0,1,,1.0,0.0
411,230.23235711393158,234.93515231410046,-4.702795200168907,0,-1,,0.0,-1.0
412,216.74955441422927,236.13410528534766,-19.38455087111842,0,-1,,0.0,0.0
413,204.21756853736903,234.1808135201781,-29.963244982809048,0,-1,,0.0,0.0
414,191.54438770031257,229.30801166832302,-37.76362396801046,0,-1,,0.0,0.0
415,177.48971491467358,221.52050893471687,-44.03079402004332,0,-1,,0.0,0.0
416,160.35257434056075,211.8657956764324,-51.51322133587163,0,-1,,0.0,0.0
417,150.63550086265414,201.31933498763453,-50.68383412498042,0,-1,,0.0,0.0
418,140.67842313278015,190.0098759885159,-49.33145285573573,0,-1,,0.0,0.0
419,129.71729762250573,177.95748651544648,-48.24018889294075,0,-1,,0.0,0.0
420,115.19505349405792,165.17556389101603,-49.98051039695814,0,-1,,0.0,0.0
421,100.95906041415306,152.30995344656313,-51.35089303241007,0,-1,,0.0,0.0
422,91.75807325259136,139.81445397047673,-48.05638071788538,0,-1,,0.0,0.0
423,78.55662025783235,127.26025758797891,-48.70363733014658,0,-1,,0.0,0.0
424,65.02363854392615,114.76402688011808,-49.740388336191934,0,-1,,0.0,0.0
425,49.29176519463449,102.42393697501517,-53.132171780380666,0,-1,,0.0,0.0
426,34.02775903421159,89.46752121629932,-55.43976218208775,0,-1,,0.0,0.0
427,20.05243077879581,76.06463317696776,-56.01220239817194,0,-1,,0.0,0.0
428,6.079613554379558,62.32711272495372,-56.24749917057416,0,-1,,0.0,0.0
429,-6.396969813819232,48.81688791296737,-55.21385772678661,0,-1,,0.0,0.0
430,-16.992693523456303,35.71113747545522,-52.703830998911506,0,-1,,0.0,0.0
431,-22.006970232004686,23.07057708827789,-45.07754732028256,0,-1,,0.0,0.0
432,-27.18475338805121,11.321535572068601,-38.50628896011982,0,-1,,0.0,0.0
433,-26.85863121761319,1.1123944874531162,-27.971025705066303,0,-1,,0.0,0.0
434,-28.369429472283482,-7.516627142204437,-20.852802330079047,0,-1,,0.0,0.0
435,-28.391942562692858,-14.452149541860488,-13.939793020832369,0,-1,,0.0,0.0
436,-28.28149445237419,-19.822585678657152,-8.458908773717038,0,-1,,0.0,0.0
437,-28.477091135811637,-23.66221953312284,-4.814871602688793,0,-1,,0.0,0.0
438,-23.413782434979712,-25.552976491029558,2.139194056049853,0,1,,1.0,1.0
439,-21.195471880009944,-26.01995186397997,4.8244799839700265,0,1,,1.0,0.0
440,-14.74537057595427,-25.213107457752148,10.467736881797872,0,1,,1.0,0.0
441,-9.62474462017776,-23.26199537243287,13.637250752255113,0,1,,1.0,0.0
442,-5.182739895458479,-20.85356300330457,15.670823107846092,0,1,,1.0,0.0
443,-0.8919726337902528,-17.80051224347199,16.908539609681736,0,1,,1.0,0.0
444,5.995846407670291,-13.979646802320527,19.975493209990816,0,1,,1.0,0.0
445,15.844007605115454,-9.076813240377234,24.920820845492692,0,1,,1.0,0.0
446,24.544938156069666,-3.1854766523904234,27.730414808460086,0,1,,1.0,0.0
447,35.35083377459446,3.3439251486733728,32.00690862592109,0,1,,1.0,0.0
448,45.018333259896146,10.701014608662938,34.3173186512332,0,1,,1.0,0.0
449,56.23235670167564,18.587428750621818,37.64492795105383,0,1,,1.0,0.0
450,68.86812397679779,27.30885859473021,41.55926538206758,0,1,,1.0,0.0
451,82.38245171307737,37.03832432901197,45.3441273840654,0,1,,1.0,0.0
452,92.23298484874852,47.38554182707185,44.84744302167668,0,1,,1.0,0.0
453,100.36547991968322,57.87105666173994,42.49442325794329,0,1,,1.0,0.0
454,107.20549524348291,68.02233306600299,39.18316217747994,0,1,,1.0,0.0
455,109.47763770079443,77.45929968208351,32.01833801871091,0,1,,1.0,0.0
456,98.52084319675068,84.47818961787864,14.042653578872047,0,1,,1.0,0.0
457,86.14571922615318,89.04789916968498,-2.902179943531792,0,-1,,0.0,-1.0
458,69.30446101043543,90.50035520399165,-21.1958941935562,0,-1,,0.0,0.0
459,52.131361166584185,88.64071489174566,-36.509353725161475,0,-1,,0.0,0.0
460,32.16423507900037,83.06091304351492,-50.89667796451453,0,-1,,0.0,0.0
461,11.055446866314863,74.04118660102228,-62.9857397347074,0,-1,,0.0,0.0
462,-8.652859983223488,61.92803772292152,-70.58089770614502,0,-1,,0.0,0.0
463,-28.0703456836521,46.897388731017635,-74.96773441466974,0,-1,,0.0,0.0
464,-49.60256165390605,29.2218110249398,-78.82437267884585,0,-1,,0.0,0.0
465,-71.62210988028762,10.317038460824431,-81.93914834111206,0,-1,,0.0,0.0
466,-86.11841168710714,-8.823420529537826,-77.29499115756931,0,-1,,0.0,0.0
467,-98.48665841897093,-27.466878243916305,-71.01978017505459,0,-1,,0.0,0.0
468,-108.61640784083922,-45.32774146696336,-63.288666373875856,0,-1,,0.0,0.0
469,-119.06586231249352,-62.13108562157379,-56.934776690919726,0,-1,,0.0,0.0
470,-126.80269691933243,-77.44865715331238,-49.35403976602005,0,-1,,0.0,0.0
471,-129.85142794156565,-90.91516470423927,-38.93626323732637,0,-1,,0.0,0.0
472,-131.77547503308404,-102.43795685417616,-29.337518178907885,0,-1,,0.0,0.0
473,-131.60196735589278,-111.54900193217468,-20.052965423718135,0,-1,,0.0,0.0
474,-127.5967606431703,-117.76840757249498,-9.828353070675321,0,-1,,0.0,0.0
475,-121.31022087953319,-121.67860859387564,0.3683877143424752,0,1,,1.0,1.0
476,-109.72670416349001,-122.92750256548891,13.20079840199888,0,1,,1.0,0.0
477,-99.9873568967618,-121.96871912725807,21.981362230496273,0,1,,1.0,0.0
478,-89.35562445491365,-118.66758158752698,29.31195713261333,0,1,,1.0,0.0
479,-77.15589461389612,-113.1512702202563,35.99537560636017,0,1,,1.0,0.0
480,-66.04187091355111,-106.06131943936579,40.019448525814695,0,1,,1.0,0.0
481,-55.84057066078145,-97.62410784244328,41.78353718166181,0,1,,1.0,0.0
482,-47.523873325110436,-88.28209739457857,40.758224069468106,0,1,,1.0,0.0
483,-41.85875588413746,-78.75565242135269,36.89689653721523,0,1,,1.0,0.0
484,-36.79426418462935,-69.36499056636336,32.57072638173403,0,1,,1.0,0.0
485,-31.64924218448845,-60.68971701314097,29.04047482865254,0,1,,1.0,0.0
486,-23.76236450739977,-52.220273414322975,28.457908906923198,0,1,,1.0,0.0
487,-14.056656223225115,-43.853721388579814,29.79706516535469,0,1,,1.0,0.0
488,-2.5750633368445905,-35.566962357796314,32.991899020951706,0,1,,1.0,0.0
489,7.531577867794463,-27.39213471542457,34.923712583219036,0,1,,1.0,0.0
490,17.22990686813859,-19.273192767766798,36.503099635905386,0,1,,1.0,0.0
491,26.14025325310793,-11.088289814631416,37.22854306773935,0,1,,1.0,0.0
492,34.17042976969816,-2.6406025197607943,36.811032289458964,0,1,,1.0,0.0
493,44.052573296921814,6.342379422633778,37.71019387428804,0,1,,1.0,0.0
494,51.13413875226758,15.540532860051114,35.593605892216466,0,1,,1.0,0.0
495,56.342296983546504,24.44105080348959,31.90124618005692,0,1,,1.0,0.0
496,60.83120251502695,32.76192399662871,28.06927851839824,0,1,,1.0,0.0
497,61.293960638246716,39.858482216083296,21.43547842216342,0,1,,1.0,0.0
498,58.055233277196464,45.47222170601685,12.583011571179604,0,1,,1.0,0.0
499,56.541032191396354,49.84012451971217,6.7009076716841784,0,1,,1.0,0.0
500,53.575555707522895,52.888491459091604,0.687064248431291,0,1,,1.0,0.0
501,46.899119949208746,54.30279036792612,-7.403670418717367,0,-1,,0.0,-1.0
502,42.15810755512164,54.092294174392755,-11.934186619271125,0,-1,,0.0,0.0
503,37.20024289794062,52.54408352391199,-15.343840625971374,0,-1,,0.0,0.0
504,33.871240671727016,50.047299489265384,-16.176058817538358,0,-1,,0.0,0.0
505,32.49426231944479,46.89875057864514,-14.404488259200342,0,-1,,0.0,0.0
506,29.441700939105907,43.35961061207393,-13.917909672968026,0,-1,,0.0,0.0
507,29.0818744039204,40.14034851504326,-11.058474111122859,0,-1,,0.0,0.0
508,27.99713418572861,36.96880429219128,-8.971670106462668,0,-1,,0.0,0.0
509,27.149051315581012,34.03252602641996,-6.8834747108389465,0,-1,,0.0,0.0
510,30.8170814495126,32.24563285978706,-1.4285514102744583,0,-1,,0.0,0.0
511,34.98343165331327,31.448446648475016,3.5349850048382514,0,1,,1.0,1.0
512,39.61895818117567,31.71719279105669,7.901765390118978,0,1,,1.0,0.0
513,43.74935977855164,32.814761580703866,10.934598197847762,0,1,,1.0,0.0
514,44.839480707570544,34.18645251271785,10.653028194852695,0,1,,1.0,0.0
515,44.08511401104395,35.81349840959986,8.27161560144409,0,1,,1.0,0.0
516,44.040013129314296,37.47551382353252,6.564499305781788,0,1,,1.0,0.0
517,42.11168639256445,39.04379740206983,3.067888990494623,0,1,,1.0,0.0
518,40.18134433353042,40.49182995961976,-0.3104856260893456,0,-1,,0.0,-1.0
519,36.33815736762423,41.105282839409945,-4.767125471785717,0,-1,,0.0,0.0
520,44.476279563274936,42.16004371829458,2.316235844980369,0,1,,1.0,1.0
521,59.642252103202665,44.384854154075356,15.257397949127323,0,1,,1.0,0.0
522,72.92652405173968,47.62676129554069,25.299762756199,0,1,,1.0,0.0
523,83.0304442598823,51.870201690242006,31.160242569640303,0,1,,1.0,0.0
524,93.71965022710823,57.385150158693584,36.334500068414656,0,1,,1.0,0.0
525,97.77342984072092,63.35552979329432,34.417900047426585,0,1,,1.0,0.0
526,102.83383639284922,70.10243534888151,32.73140104396771,0,1,,1.0,0.0
527,108.68640508152995,77.7141087653259,30.97229631620405,0,1,,1.0,0.0
528,117.07951597457271,86.68537083276462,30.394145141808096,0,1,,1.0,0.0
529,126.35032029475464,95.7824864695957,30.567833825158946,0,1,,1.0,0.0
530,125.11668744549877,103.05742372985084,22.05926371564793,0,1,,1.0,0.0
531,120.28234942030048,108.31918210413536,11.963167316165125,0,1,,1.0,0.0
532,118.30574992609743,112.2386605114926,6.067089414604808,0,1,,1.0,0.0
533,119.12477262498815,115.0614518890348,4.06332073595334,0,1,,1.0,0.0
534,120.44219776489679,117.58020388060991,2.861993884286889,0,1,,1.0,0.0
535,120.18789285099906,119.50843237595991,0.6794604750391926,0,1,,1.0,0.0
536,117.5916202932976,120.49790073282298,-2.9062804395253883,0,-1,,0.0,-1.0
537,119.3216528590535,120.74702705332085,-1.4253741942673344,0,-1,,0.0,0.0
538,125.49344841536616,120.65181906672213,4.841629348644048,0,1,,1.0,1.0
539,133.43543041784943,121.57612384142773,11.859306576421714,0,1,,1.0,0.0
540,138.67249896066141,123.61947379035671,15.053025170304695,0,1,,1.0,0.0
541,137.79631448251254,125.78509207440285,12.011222408109687,0,1,,1.0,0.0
542,137.53472432075225,127.8306422628211,9.704082057931146,0,1,,1.0,0.0
543,132.1527845702897,129.13181857453142,3.0209659957582744,0,1,,1.0,0.0
544,127.05227303245371,129.89452748358195,-2.8422544511282557,0,-1,,0.0,-1.0
545,124.41587893400984,130.65277844366108,-6.236899509651224,0,-1,,0.0,0.0
546,118.96176650916608,130.6127910714514,-11.651024562285302,0,-1,,0.0,0.0
547,114.65687734293022,129.40872761895852,-14.751850276028307,0,-1,,0.0,0.0
548,109.31868161348973,126.72908886291854,-17.41040724942883,0,-1,,0.0,0.0
549,102.85047244908684,122.74886369496582,-19.89839124587897,0,-1,,0.0,0.0
550,95.61892694239796,118.06248730161975,-22.44356035922182,0,-1,,0.0,0.0
551,92.76744261864737,113.08834489027477,-20.320902271627407,0,-1,,0.0,0.0
552,86.50018291234022,108.01583359494705,-21.515650682606832,0,-1,,0.0,0.0
553,81.8589131394152,102.9943491623872,-21.13543602297203,0,-1,,0.0,0.0
554,81.54924151757861,98.2313894494504,-16.682147931871796,0,-1,,0.0,0.0
555,80.0324590864613,93.90591084692764,-13.873451760466352,0,-1,,0.0,0.0
556,91.59683737445064,91.34368418376323,0.2531531906873852,0,1,,1.0,1.0
557,102.43145322213394,90.57843658472372,11.85301663741022,0,1,,1.0,0.0
558,114.16918125953217,91.83607089699541,22.33311036253676,0,1,,1.0,0.0
559,125.11125561641104,95.1129963052191,29.99825931119193,0,1,,1.0,0.0
560,133.0147004626972,99.58491384344687,33.429786619250336,0,1,,1.0,0.0
561,138.6488810617131,105.37921363782162,33.26966742389145,0,1,,1.0,0.0
562,144.00746331565827,112.28460810184862,31.72285521380965,0,1,,1.0,0.0
563,150.46711014124114,119.94214906003334,30.524961081207792,0,1,,1.0,0.0
564,153.1532485122304,128.06668121845212,25.08656729377825,0,1,,1.0,0.0
565,163.9940885838451,136.1108202417182,27.883268342126886,0,1,,1.0,0.0
566,165.93420572017789,143.16668163038972,22.7675240897882,0,1,,1.0,0.0
567,164.75883663296025,148.7877544496595,15.971082183300753,0,1,,1.0,0.0
568,162.3458702290552,152.92493385106442,9.420936377990756,0,1,,1.0,0.0
569,159.27166661225098,155.84237453434818,3.4292920779027725,0,1,,1.0,0.0
570,155.991901599474,157.7693768163216,-1.7774752168475914,0,-1,,0.0,-1.0
571,147.0556054636167,158.10805927720585,-11.052453813589182,0,-1,,0.0,0.0
572,137.6957012943211,156.6890138497703,-18.993312555449226,0,-1,,0.0,0.0
573,132.56387807842464,154.4013060237919,-21.837427945367264,0,-1,,0.0,0.0
574,124.65196565754809,150.02995903198112,-25.377993374433018,0,-1,,0.0,0.0
575,116.98286941307673,144.59092166452544,-27.608052251448694,0,-1,,0.0,0.0
576,107.4038588631981,138.2181463567741,-30.814287493576003,0,-1,,0.0,0.0
577,97.06202646370392,130.9643859384017,-33.90235947469782,0,-1,,0.0,0.0
578,84.05056419986636,122.60648567035898,-38.55592147049261,0,-1,,0.0,0.0
579,69.50677710795756,112.99702739352381,-43.490250285566255,0,-1,,0.0,0.0
580,54.63026489368814,102.72754510797621,-48.09728021428806,0,-1,,0.0,0.0
581,42.05086104400901,92.1003406357193,-50.0494795917103,0,-1,,0.0,0.0
582,38.709930837666015,81.67212427563501,-42.962193437969,0,-1,,0.0,0.0
583,35.94706997498432,71.81602475535016,-35.86895478036585,0,-1,,0.0,0.0
584,37.27508785495047,62.959604582225005,-25.684516727274538,0,-1,,0.0,0.0
585,39.69874217798803,55.4368138394239,-15.738071661435859,0,-1,,0.0,0.0
586,47.487658201478006,49.928550699176576,-2.4408924976985773,0,-1,,0.0,0.0
587,52.26731226317073,46.397078261765955,5.870234001404783,0,1,,1.0,1.0
588,51.28602068040156,44.37254976981529,6.91347091058627,0,1,,1.0,0.0
589,53.11182969331267,44.20383474755135,8.907994945761333,0,1,,1.0,0.0
590,63.223921056610955,46.55639697117378,16.667524085437186,0,1,,1.0,0.0
591,86.36833538945726,51.85177525470613,34.516560134751124,0,1,,1.0,0.0
592,108.85999385922922,59.953211241844464,48.906782617384756,0,1,,1.0,0.0
593,127.00965041497759,69.92371819295857,57.08593222201903,0,1,,1.0,0.0
594,155.16726042158027,82.75355355335772,72.41370686822252,0,1,,1.0,0.0
595,184.63428384229164,97.99206751344812,86.6422163288435,0,1,,1.0,0.0
596,212.17854146883437,115.75998186963301,96.41855959920133,0,1,,1.0,0.0
597,236.29218449634487,136.31622229362668,99.97596220271821,0,1,,1.0,0.0
598,261.144939610658,159.4310122844428,101.71392732621521,0,1,,1.0,0.0
599,288.0295556336663,184.40941612633785,103.62013950732842,0,1,,1.0,0.0
600,305.02746911839597,208.70487542955325,96.32259368884279,0,1,,1.0,0.0
601,314.65852288483404,231.5713786546204,83.08714423021362,0,1,,1.0,0.0
602,318.65217054711064,252.8649920026352,65.78717854447538,0,1,,1.0,0.0
603,321.9138135344565,271.3923867929548,50.52142674150168,0,1,,1.0,0.0
604,318.44601921344145,286.2603573897493,32.18566182369216,0,1,,1.0,0.0
605,310.6253150475857,297.1988877873883,13.426427260197384,0,1,,1.0,0.0
606,297.56137375550094,304.00657548285005,-6.445201727349116,0,-1,,0.0,-1.0
607,292.371476764868,307.4761907222067,-15.104713957338676,0,-1,,0.0,0.0
608,290.2281662211563,307.7204807874834,-17.49231456632708,0,-1,,0.0,0.0
609,286.30869877964335,305.6406174165108,-19.33191863686756,0,-1,,0.0,0.0
610,281.61328398777715,301.9689242057268,-20.355640217949656,0,-1,,0.0,0.0
611,275.38913941551607,297.1619207466608,-21.772781331144643,0,-1,,0.0,0.0
612,269.18569835013517,291.3032412817362,-22.117542931601008,0,-1,,0.0,0.0
613,261.6668311666997,284.99444260987593,-23.327611443176234,0,-1,,0.0,0.0
614,257.7351062828247,279.1177527471248,-21.382646464300077,0,-1,,0.0,0.0
615,253.53350588388543,274.22576742805643,-20.692261544170922,0,-1,,0.0,0.0
616,248.74172965693947,269.3780177493977,-20.636288092458187,0,-1,,0.0,0.0
617,240.68985176872016,263.87376058801584,-23.183908819295677,0,-1,,0.0,0.0
618,225.01613619654395,257.0634758565604,-32.04733966001646,0,-1,,0.0,0.0
619,209.6537311604031,249.06796998685212,-39.41423882644897,0,-1,,0.0,0.0
620,192.6665722795752,239.8765736384142,-47.21000135883901,0,-1,,0.0,0.0
621,172.56718061446716,229.14118277889557,-56.574002164428386,0,-1,,0.0,0.0
622,151.49582542485624,216.89995991869077,-65.40413449383448,0,-1,,0.0,0.0
623,123.00452108606319,201.92989489682842,-78.92537381076517,0,-1,,0.0,0.0
624,87.99739385246382,183.5369935600037,-95.53959970753988,0,-1,,0.0,0.0
625,55.896619385169366,162.10975908536258,-106.2131397001932,0,-1,,0.0,0.0
626,20.512470384189808,137.64560559819253,-117.13313521400272,0,-1,,0.0,0.0
627,-12.6097063308345,111.2427342062616,-123.85244053709609,0,-1,,0.0,0.0
628,-33.367171669384355,84.24041166961855,-117.60758333900291,0,-1,,0.0,0.0
629,-59.26957850511323,56.24750602687537,-115.5170845319886,0,-1,,0.0,0.0
630,-81.4845499923307,28.019535959453393,-109.50408595178409,0,-1,,0.0,0.0
631,-101.11838922674521,-0.04871011294677411,-101.06967911379841,0,-1,,0.0,0.0
632,-118.73839856170254,-26.909034518254074,-91.82936404344845,0,-1,,0.0,0.0
633,-123.33519882671517,-50.39043370482952,-72.94476512188565,0,-1,,0.0,0.0
634,-132.43174678464956,-71.31580772369828,-61.115939060951284,0,-1,,0.0,0.0
635,-138.8573513654963,-89.02356569588564,-49.83378566961069,0,-1,,0.0,0.0
636,-139.7048054090106,-103.14524337123855,-36.55956203777205,0,-1,,0.0,0.0
637,-130.6127601098083,-113.95030875350788,-16.662451356300434,0,-1,,0.0,0.0
638,-116.74126530555586,-120.33605173133482,3.5947864257789632,0,1,,1.0,1.0
639,-102.24234442359965,-122.64247333480913,20.400128911209507,0,1,,1.0,0.0
640,-85.60304558098983,-120.91854626305854,35.31550068206872,0,1,,1.0,0.0
641,-69.24375138349029,-115.41914102103495,46.17538963754464,0,1,,1.0,0.0
642,-58.570337252821616,-108.22304529060231,49.65270803778071,0,1,,1.0,0.0
643,-50.340383534001525,-99.101782707197,48.76139917319549,0,1,,1.0,0.0
644,-39.35490801595027,-88.04595566835856,48.69104765240827,0,1,,1.0,0.0
645,-32.82646784430586,-76.17058482783581,43.34411698352995,0,1,,1.0,0.0
646,-21.01457170683568,-63.993008338616626,42.97843663178095,0,1,,1.0,0.0
647,-18.18171970010155,-53.04194771578838,34.86022801568683,0,1,,1.0,0.0
648,-18.11979570463644,-43.69499785812579,25.57520215348935,0,1,,1.0,0.0
649,-16.496147330913562,-36.01645360811732,19.52030627720375,0,1,,1.0,0.0
650,-13.340674743929306,-29.805000648166093,16.464325904236794,0,1,,1.0,0.0
651,-7.593511805050578,-24.140908931747088,16.547397126696513,0,1,,1.0,0.0
652,-3.8068898914843614,-18.970520749245182,15.163630857760825,0,1,,1.0,0.0
653,4.250071610623662,-14.125523012959194,18.375594623582856,0,1,,1.0,0.0
654,13.750313068577896,-8.950325133749889,22.700638202327784,0,1,,1.0,0.0
655,24.705786005709214,-3.8702853879115673,28.576071393620786,0,1,,1.0,0.0
656,35.68829064966044,2.1152713176175433,33.5730193320429,0,1,,1.0,0.0
657,44.629656772927,9.08743270401348,35.54222406891352,0,1,,1.0,0.0
658,53.31380376398774,16.844093936780293,36.46970982720745,0,1,,1.0,0.0
659,61.73031880038937,25.18531544170459,36.54500335868478,0,1,,1.0,0.0
660,70.33533946146545,33.844076693539705,36.49126276792575,0,1,,1.0,0.0
661,79.36071031498774,43.084921160925504,36.27578915406223,0,1,,1.0,0.0
662,87.47948067992517,52.33263327973678,35.1468474001884,0,1,,1.0,0.0
663,93.06398772717527,61.14526379735872,31.91872392981656,0,1,,1.0,0.0
664,98.47018704016796,69.34130835674301,29.128878683424958,0,1,,1.0,0.0
665,103.86802939123727,76.91683488358491,26.951194507652392,0,1,,1.0,0.0
666,106.86589580016285,83.83197255327778,23.033923246885053,0,1,,1.0,0.0
667,111.9515869515192,90.34728179633684,21.60430515518237,0,1,,1.0,0.0
668,112.57033062133254,95.99617199866384,16.574158622668687,0,1,,1.0,0.0
669,119.00815662991505,101.40426279515823,17.60389383475679,0,1,,1.0,0.0
670,128.21929686877345,106.83299463446777,21.386302234305692,0,1,,1.0,0.0
671,139.0039016628478,112.55793029923694,26.445971363610848,0,1,,1.0,0.0
672,152.4896971469719,119.16078690143655,33.32891024553534,0,1,,1.0,0.0
673,164.06623260620816,126.44923640877435,37.61699619743379,0,1,,1.0,0.0
674,179.96183466778285,134.9041036617239,45.05773100605903,0,1,,1.0,0.0
675,196.00246068230217,144.80816642640605,51.194294255896146,0,1,,1.0,0.0
676,214.3457647385081,156.18529729162702,58.160467446881114,0,1,,1.0,0.0
677,237.38823085539693,170.05395287318973,67.33427798220717,0,1,,1.0,0.0
678,266.10292929110767,186.39781650221119,79.70511278889656,0,1,,1.0,0.0
679,287.69979482105043,204.11787183024197,83.5819229908085,0,1,,1.0,0.0
680,306.47640192322694,222.72592741472846,83.75047450849844,0,1,,1.0,0.0
681,316.9922741920237,241.00399153084538,75.98828266117829,0,1,,1.0,0.0
682,332.8448967263598,259.7571764330844,73.08772029327542,0,1,,1.0,0.0
683,345.9531391457405,278.200654708413,67.7524844373275,0,1,,1.0,0.0
684,354.21583616778884,295.7799186512449,58.43591751654401,0,1,,1.0,0.0
685,356.2667443941661,311.5489163907625,44.717828003403675,0,1,,1.0,0.0
686,352.7293230421382,324.3645933004004,28.36472974173785,0,1,,1.0,0.0
687,343.0654695786385,332.9159866656816,10.149482912956898,0,1,,1.0,0.0
688,330.52808925185803,337.67468604688236,-7.146596795024379,0,-1,,0.0,-1.0
689,314.44592352728364,338.5601884473332,-24.114264920049486,0,-1,,0.0,0.0
690,298.4459473064093,336.4994854600426,-38.053538153633326,0,-1,,0.0,0.0
691,280.2146481162768,330.6516800589223,-50.43703194264549,0,-1,,0.0,0.0
692,261.4547180195529,321.2629666004571,-59.80824858090415,0,-1,,0.0,0.0
693,245.2974950516363,309.1609286986623,-63.86343364702599,0,-1,,0.0,0.0
694,224.38781874867942,294.50771473805264,-70.11989598937319,0,-1,,0.0,0.0
695,206.78715160338515,278.2919179115245,-71.50476630813931,0,-1,,0.0,0.0
696,190.09914571017583,261.2956597039176,-71.19651399374177,0,-1,,0.0,0.0
697,177.52601857271034,244.29542962845667,-66.76941105574633,0,-1,,0.0,0.0
698,161.8292861262765,227.33802547278927,-65.50873934651278,0,-1,,0.0,0.0
699,148.7567479358971,210.70589220939897,-61.949144273501865,0,-1,,0.0,0.0
700,136.48910829988571,194.73638778535556,-58.24727948546985,0,-1,,0.0,0.0
701,124.81658066163284,179.55437252336438,-54.73779186173154,0,-1,,0.0,0.0
702,111.9656844289991,164.7397268986269,-52.77404246962782,0,-1,,0.0,0.0
703,96.6555710455621,150.54725493161388,-53.89168388605178,0,-1,,0.0,0.0
704,85.87511012450722,137.112583656183,-51.23747353167579,0,-1,,0.0,0.0
705,72.68178824480147,124.06621060447478,-51.38442235967328,0,-1,,0.0,0.0
706,65.24389216884863,111.59041878182344,-46.3465266129748,0,-1,,0.0,0.0
707,51.89438208800007,99.37542944423716,-47.481047356237106,0,-1,,0.0,0.0
708,21.134834015698253,85.1952167864373,-64.06038277073904,0,-1,,0.0,0.0
709,-11.264503151075028,68.77814884744167,-80.0426519985167,0,-1,,0.0,0.0
710,-43.87014825744653,50.03517896754396,-93.90532722499049,0,-1,,0.0,0.0
711,-73.71642066829075,29.403833956733976,-103.12025462502471,0,-1,,0.0,0.0
712,-103.73315900515566,7.138419506654228,-110.87157851180989,0,-1,,0.0,0.0
713,-134.29255281774792,-17.324654153596338,-116.96789866415158,0,-1,,0.0,0.0
714,-160.36129463741503,-43.218330029398174,-117.14296460801684,0,-1,,0.0,0.0
715,-184.37967779609718,-70.95428224772549,-113.4253955483717,0,-1,,0.0,0.0
716,-210.63117317021386,-100.12378838752704,-110.5073847826868,0,-1,,0.0,0.0
717,-234.69922049332612,-128.54979444408528,-106.14942604924083,0,-1,,0.0,0.0
718,-244.24676004438373,-154.43671187667516,-89.81004816770857,0,-1,,0.0,0.0
719,-247.27737000010572,-177.03751429252617,-70.2398557075795,0,-1,,0.0,0.0
720,-249.27800455998417,-196.5443569471588,-52.73364761282539,0,-1,,0.0,0.0
721,-253.23472142141563,-213.15564166007655,-40.079079761339045,0,-1,,0.0,0.0
722,-255.73089609080154,-226.6487909126381,-29.082105178163427,0,-1,,0.0,0.0
723,-246.72041507162757,-236.2442487386617,-10.476166332965876,0,-1,,0.0,0.0
724,-236.98527572885732,-242.0893151756351,5.10403944677779,0,1,,1.0,1.0
725,-224.26783290134446,-243.60449959020508,19.336666688860646,0,1,,1.0,0.0
726,-211.56661866208026,-241.03421049784438,29.467591835764186,0,1,,1.0,0.0
727,-199.00220533740986,-236.00703775262508,37.00483241521528,0,1,,1.0,0.0
728,-180.70297921633,-228.60988322109446,47.90690400476447,0,1,,1.0,0.0
729,-159.06104129639087,-218.5857761918063,59.52473489541544,0,1,,1.0,0.0
730,-140.21579371012515,-206.02811755721848,65.81232384709332,0,1,,1.0,0.0
731,-118.25039191229165,-190.7525059818285,72.50211406953686,0,1,,1.0,0.0
732,-98.10491527686293,-174.2396726712991,76.13475739443619,0,1,,1.0,0.0
733,-81.84516734692386,-157.0018828510843,75.15671550416045,0,1,,1.0,0.0
734,-70.04339911527187,-139.86583465263178,69.82243553735991,0,1,,1.0,0.0
735,-64.95178480365671,-123.57529755725142,58.6235127535947,0,1,,1.0,0.0
736,-63.62006408428629,-108.53283741801545,44.912773333729156,0,1,,1.0,0.0
737,-62.83693126803122,-95.43660986820448,32.59967860017324,0,1,,1.0,0.0
738,-63.786345045396004,-84.85053250698282,21.064187461586823,0,1,,1.0,0.0
739,-68.4386077618942,-76.87528962384606,8.436681861951852,0,1,,1.0,0.0
740,-76.9733014379478,-72.28894623780785,-4.684355200139947,0,-1,,0.0,-1.0
741,-83.75451989922698,-70.69445786251498,-13.060062036712011,0,-1,,0.0,0.0
742,-91.22465364739388,-71.73662300701164,-19.488030640382235,0,-1,,0.0,0.0
743,-101.94907234893834,-75.28169781075236,-26.66737453818601,0,-1,,0.0,0.0
744,-112.00975685250164,-80.51036137173514,-31.499395480766513,0,-1,,0.0,0.0
745,-116.6330820809923,-86.4006967047025,-30.232385376289805,0,-1,,0.0,0.0
746,-117.4931351443593,-92.4736082465167,-25.019526897842603,0,-1,,0.0,0.0
747,-121.20917663319895,-98.85392286738369,-22.355253765815267,0,-1,,0.0,0.0
748,-124.5292010668748,-105.08621101238155,-19.442990054493283,0,-1,,0.0,0.0
749,-127.65778359182251,-110.71782014058985,-16.939963451232686,0,-1,,0.0,0.0
750,-125.98052015097471,-115.40959794633959,-10.57092220463511,0,-1,,0.0,0.0
751,-121.3155038225988,-118.7530257435846,-2.562478079014184,0,-1,,0.0,0.0
752,-118.81505783394769,-120.62702413080788,1.8119662968601915,0,1,,1.0,1.0
753,-118.62180073475945,-121.36169567328095,2.7398949385215303,0,1,,1.0,0.0
754,-121.19914209033884,-121.86903567431948,0.6698935839806381,0,1,,1.0,0.0
755,-119.15124262048164,-122.05326983833305,2.902027217851426,0,1,,1.0,0.0
756,-119.82139468523391,-121.89907184411473,2.077677158880803,0,1,,1.0,0.0
757,-115.77905359325018,-120.9268332359342,5.1477796426840285,0,1,,1.0,0.0
758,-110.77048844134322,-119.05046710810318,8.279978666759988,0,1,,1.0,0.0
759,-104.60025407056,-116.67488198805708,12.074627917497068,0,1,,1.0,0.0
760,-106.16637861801723,-114.99164585421468,8.825267236197421,0,1,,1.0,0.0
761,-110.62322110357448,-114.08144177306208,3.458220669487588,0,1,,1.0,0.0
762,-108.17825360695109,-112.92104764775006,4.7427940407989695,0,1,,1.0,0.0
763,-102.95509108636111,-110.89393086953028,7.938839783169186,0,1,,1.0,0.0
764,-94.14686974495882,-108.11566721669442,13.968797471735588,0,1,,1.0,0.0
765,-88.71045300618393,-104.6588959190222,15.948442912838244,0,1,,1.0,0.0
766,-83.38761775611404,-101.05984749267373,17.67222973655967,0,1,,1.0,0.0
767,-77.27390381958388,-97.33800475692269,20.064100937338807,0,1,,1.0,0.0
768,-70.99100732449031,-93.60364400735938,22.612636682869066,0,1,,1.0,0.0
769,-67.8393852808146,-89.34508919211464,21.50570391130005,0,1,,1.0,0.0
770,-62.76990804334357,-84.02805440764455,21.258146364300977,0,1,,1.0,0.0
771,-44.3190591717586,-76.93258835928981,32.613529187531206,0,1,,1.0,0.0
772,-26.90112545556308,-68.48214773364559,41.58102227808251,0,1,,1.0,0.0
773,-10.542745429652113,-59.19280058750039,48.65005515784827,0,1,,1.0,0.0
774,7.331224560395805,-48.52150308010265,55.85272764049846,0,1,,1.0,0.0
775,31.641972392688107,-35.740437508013514,67.38240990070162,0,1,,1.0,0.0
776,56.73271727479883,-20.850812941971,77.58353021676983,0,1,,1.0,0.0
777,79.77239378534655,-4.099323929766901,83.87171771511343,0,1,,1.0,0.0
778,99.64052897191601,14.509555431647609,85.13097354026839,0,1,,1.0,0.0
779,118.70743890369751,34.67370509242995,84.03373381126755,0,1,,1.0,0.0
780,144.61852795286168,55.66677032849887,88.95175762436286,0,1,,1.0,0.0
781,155.57995039020167,75.94244542247273,79.63750496772897,0,1,,1.0,0.0
782,164.52949315312827,95.39491637611498,69.1345767770133,0,1,,1.0,0.0
783,166.1752297987222,113.04425029148459,53.130979507237605,0,1,,1.0,0.0
784,166.37968073848157,128.01510677435056,38.364573964131004,0,1,,1.0,0.0
785,165.08892717503585,140.05468565215466,25.034241522881192,0,1,,1.0,0.0
786,158.62241091349432,148.8157986663933,9.806612247100986,0,1,,1.0,0.0
787,154.60987088193016,154.9235033230615,-0.3136324411313751,0,-1,,0.0,-1.0
788,145.36872122157712,157.88586802504815,-12.517146803471036,0,-1,,0.0,0.0
789,132.23400419677796,156.50980982992775,-24.27580563314979,0,-1,,0.0,0.0
790,118.39811554932676,152.37849484760832,-33.98037929828152,0,-1,,0.0,0.0
791,102.58199806854122,145.49543983820973,-42.91344176966854,0,-1,,0.0,0.0
792,90.24960564153272,137.0592593762998,-46.809653734767046,0,-1,,0.0,0.0
793,83.09903108528844,127.80585385927836,-44.70682277398993,0,-1,,0.0,0.0
794,74.06588579706383,117.69218259505924,-43.62629679799542,0,-1,,0.0,0.0
795,57.789914229444705,106.48857185238708,-48.69865762294239,0,-1,,0.0,0.0
796,46.206701626963756,94.44377526850192,-48.237073641538174,0,-1,,0.0,0.0
797,38.936796525439604,82.61800585781998,-43.681209332380384,0,-1,,0.0,0.0
798,35.752109127745726,71.89779529459419,-36.145686166848456,0,-1,,0.0,0.0
799,35.438810545435814,62.68009473860629,-27.241284193170465,0,-1,,0.0,0.0
800,33.80110155905325,55.037772904218734,-21.236671345165483,0,-1,,0.0,0.0
801,34.332094919579646,48.82471615733504,-14.492621237755394,0,-1,,0.0,0.0
802,33.186809056387204,43.27891370967936,-10.092104653292154,0,-1,,0.0,0.0
803,41.25413297560112,39.63316339618351,1.620969579417611,0,1,,1.0,1.0
804,50.34638935415897,38.80610507670731,11.540284277451669,0,1,,1.0,0.0
805,58.83853723424053,40.20964236640472,18.628894867835804,0,1,,1.0,0.0
806,61.07753309619638,42.66972420759992,18.407808888596453,0,1,,1.0,0.0
807,57.49650899044963,45.08576863678925,12.410740353660385,0,1,,1.0,0.0
808,54.87735550004167,47.24560696507879,7.631748534962873,0,1,,1.0,0.0
809,43.79600708888855,48.35615202394936,-4.560144935060826,0,-1,,0.0,-1.0
810,29.56638174628663,47.82662833802792,-18.260246591741293,0,-1,,0.0,0.0
811,11.546564294091132,45.422156697772806,-33.87559240368168,0,-1,,0.0,0.0
812,-6.901822592107988,40.07149496802735,-46.97331756013534,0,-1,,0.0,0.0
813,-28.612254209757854,31.29831234981437,-59.91056655957222,0,-1,,0.0,0.0
814,-51.81194262797225,19.003814587346284,-70.81575721531854,0,-1,,0.0,0.0
815,-74.09981311978295,3.9841094522374703,-78.08392257202044,0,-1,,0.0,0.0
816,-87.98969359907233,-12.181024168820525,-75.8086694302518,0,-1,,0.0,0.0
817,-105.36537235320095,-29.985771708069702,-75.37960064513125,0,-1,,0.0,0.0
818,-118.22271250185752,-47.987851662597045,-70.23486083926048,0,-1,,0.0,0.0
819,-117.96608751119541,-64.38034824676171,-53.58573926443368,0,-1,,0.0,0.0
820,-111.91980911076695,-78.09883418063481,-33.820974930132124,0,-1,,0.0,0.0
821,-99.83744064952923,-88.42501396479273,-11.412426684736502,0,-1,,0.0,0.0
822,-90.7524654764185,-95.32948188331058,4.577016406892099,0,1,,1.0,1.0
823,-82.97116547324133,-98.79161775500715,15.820452281765823,0,1,,1.0,0.0
824,-69.97470604147004,-98.3332725240835,28.358566482613448,0,1,,1.0,0.0
825,-52.4359554683725,-94.38285717622796,41.94690170785546,0,1,,1.0,0.0
826,-33.91513472361826,-86.44394188405208,52.52880716043384,0,1,,1.0,0.0
827,-15.938875237524268,-75.07907107690397,59.1401958393797,0,1,,1.0,0.0
828,-1.1785518049908017,-62.10267822065901,60.92412641566821,0,1,,1.0,0.0
829,10.898880789509153,-48.456157120628326,59.35503791013747,0,1,,1.0,0.0
830,19.64475455691345,-35.18035765324581,54.825112210159254,0,1,,1.0,0.0
831,28.85410668358721,-21.890738524356298,50.744845207943506,0,1,,1.0,0.0
832,40.06600334632193,-8.219941988849268,48.285945335171185,0,1,,1.0,0.0
833,47.69374345579855,4.8543301775139085,42.83941327828464,0,1,,1.0,0.0
834,47.10210693885961,15.914114889428587,31.187992049431035,0,1,,1.0,0.0
835,44.704291846962214,24.649606730604194,20.05468511635801,0,1,,1.0,0.0
836,44.97312059695231,31.417606267768264,13.555514329184046,0,1,,1.0,0.0
837,46.18748129390626,36.68049883431237,9.506982459593882,0,1,,1.0,0.0
838,47.022755454098814,40.69426268593345,6.328492768165362,0,1,,1.0,0.0
839,50.72518275910254,44.14764359728779,6.577539161814741,0,1,,1.0,0.0
840,54.58402256568126,47.00652313974269,7.577499425938568,0,1,,1.0,0.0
841,47.87318698662137,47.87398798866486,-0.0008010020434809918,0,-1,,0.0,-1.0
842,36.48190943481588,46.62822865300011,-10.146319218184233,0,-1,,0.0,0.0
843,25.371852880728866,44.21375597987447,-18.84190309914561,0,-1,,0.0,0.0
844,21.047931361045578,41.58527148143929,-20.537340120393704,0,-1,,0.0,0.0
845,19.05085323343034,38.70501955215907,-19.65416631872873,0,-1,,0.0,0.0
846,13.817260851842086,35.10832839192972,-21.291067540087628,0,-1,,0.0,0.0
847,9.281335294177637,30.914837263049588,-21.63350196887195,0,-1,,0.0,0.0
848,5.2121024090759,25.857828335268856,-20.64572592619296,0,-1,,0.0,0.0
849,1.7397781413607982,19.98624562145547,-18.246467480094672,0,-1,,0.0,0.0
850,-2.524188583031367,14.386537224827393,-16.910725807858757,0,-1,,0.0,0.0
851,-1.152816283774305,10.204901033872924,-11.35771731764723,0,-1,,0.0,0.0
852,2.902168352696799,7.708269419647141,-4.806101066950342,0,-1,,0.0,0.0
853,2.2993393070600665,5.625092524759861,-3.3257532176997944,0,-1,,0.0,0.0
854,-4.020743985691524,3.0615817226352093,-7.082325708326732,0,-1,,0.0,0.0
855,-14.000142365961752,-0.029240857120772488,-13.970901508840981,0,-1,,0.0,0.0
856,-20.1788235741215,-3.3025918424873435,-16.876231731634153,0,-1,,0.0,0.0
857,-22.596046914191923,-6.392386211739322,-16.203660702452595,0,-1,,0.0,0.0
858,-25.04250089082784,-9.368194993093617,-15.674305897734218,0,-1,,0.0,0.0
859,-29.245740637257647,-12.337256332452093,-16.90848430480556,0,-1,,0.0,0.0
860,-34.455999093142324,-16.03760997793743,-18.418389115204896,0,-1,,0.0,0.0
861,-38.91959843873957,-20.68447295476369,-18.235125483975878,0,-1,,0.0,0.0
862,-42.479629695393264,-25.659913955036288,-16.819715740356976,0,-1,,0.0,0.0
863,-41.52901227868578,-29.82749932092453,-11.70151295776125,0,-1,,0.0,0.0
864,-37.230739557741735,-32.40867678667786,-4.8220627710638695,0,-1,,0.0,0.0
865,-33.74085452701831,-33.91556911477751,0.17471458775920468,0,1,,1.0,1.0
866,-32.16003291552209,-34.97823422603642,2.8182013105143326,0,1,,1.0,0.0
867,-31.153059875523144,-35.6571852243359,4.504125348812757,0,1,,1.0,0.0
868,-29.61826040625639,-35.6985763097802,6.080315903523811,0,1,,1.0,0.0
869,-23.229343996609344,-34.4511701879432,11.221826191333859,0,1,,1.0,0.0
870,-14.411518411901884,-31.728050184961248,17.31653177305936,0,1,,1.0,0.0
871,-5.309897489802543,-27.598079939895612,22.288182450093064,0,1,,1.0,0.0
872,1.1016163875603002,-22.861343421423825,23.962959808984127,0,1,,1.0,0.0
873,8.633186580346214,-17.765351628302938,26.39853820864915,0,1,,1.0,0.0
874,13.463159114279005,-12.520461223714348,25.98362033799335,0,1,,1.0,0.0
875,19.98064245015032,-6.727052849750747,26.707695299901065,0,1,,1.0,0.0
876,27.456791172600173,-0.2148471777370457,27.67163835033723,0,1,,1.0,0.0
877,36.82828877208644,7.168102730967712,29.660186041118727,0,1,,1.0,0.0
878,45.3836638074575,14.79177026475292,30.591893542704593,0,1,,1.0,0.0
879,51.096869966791935,22.070480084607787,29.026389882184148,0,1,,1.0,0.0
880,58.48937867467664,29.159288547327698,29.330090127348928,0,1,,1.0,0.0
881,66.51180234390006,36.42708698692101,30.08471535697905,0,1,,1.0,0.0
882,75.11567940468859,43.81403063407016,31.301648770618442,0,1,,1.0,0.0
883,83.79984785671361,51.62921827211846,32.17062958459516,0,1,,1.0,0.0
884,91.2938010029779,59.552902555765975,31.74089844721193,0,1,,1.0,0.0
885,96.50055208257042,67.22443154576266,29.27612053680777,0,1,,1.0,0.0
886,97.50530129044131,73.96632182557984,23.53897946486144,0,1,,1.0,0.0
887,98.76208494717018,79.89725750777014,18.864827439400045,0,1,,1.0,0.0
888,98.24591160349749,85.13603991184854,13.109871691648948,0,1,,1.0,0.0
889,96.91427304248433,89.4054726193827,7.508800423101618,0,1,,1.0,0.0
890,94.75296792439578,92.54337990610445,2.2095880182912992,0,1,,1.0,0.0
891,91.59811699720079,94.37476186082806,-2.7766448636272263,0,-1,,0.0,-1.0
892,102.1964481467919,96.41882855972558,5.777619587066282,0,1,,1.0,1.0
893,110.56583673937315,98.56016586376951,12.00567087560364,0,1,,1.0,0.0
894,117.93429999470888,100.94169340956269,16.992606585146188,0,1,,1.0,0.0
895,125.11226043887537,104.00913331494422,21.103127123931127,0,1,,1.0,0.0
896,136.3791948240679,108.18881219015512,28.190382633912773,0,1,,1.0,0.0
897,146.57812815991247,113.55905847420121,33.01906968571126,0,1,,1.0,0.0
898,154.4362417049118,119.95038832558204,34.48585337932977,0,1,,1.0,0.0
899,162.96101669378268,127.52906041106951,35.431956282713216,0,1,,1.0,0.0
900,174.81293813897133,136.775151649044,38.0377864899273,0,1,,1.0,0.0
901,185.1707526539036,145.9945188165009,39.176233837402776,0,1,,1.0,0.0
902,179.8197286568445,153.6893956962199,26.13033296062457,0,1,,1.0,0.0
903,176.35454344847543,160.1805338577495,16.174009590725888,0,1,,1.0,0.0
904,175.39410344526524,165.76740530290394,9.626698142361308,0,1,,1.0,0.0
905,172.8410937582006,169.81872740669647,3.0223663515041608,0,1,,1.0,0.0
906,163.61935692662766,171.71219726966484,-8.092840343037182,0,-1,,0.0,-1.0
907,148.25830491645496,171.02575984872522,-22.76745493227025,0,-1,,0.0,0.0
908,137.82506754970578,168.23287661049443,-30.40780906078865,0,-1,,0.0,0.0
909,128.12592392802065,163.04543058705548,-34.91950665903485,0,-1,,0.0,0.0
910,114.2173528744438,155.16171950044884,-40.94436662600504,0,-1,,0.0,0.0
911,99.2229082029214,146.20651722779067,-46.983609024869295,0,-1,,0.0,0.0
912,85.18823136255645,136.07692699602194,-50.88869563346549,0,-1,,0.0,0.0
913,74.90855177421528,124.91186569923859,-50.00331392502332,0,-1,,0.0,0.0
914,61.870344273043216,112.58178242311001,-50.71143815006681,0,-1,,0.0,0.0
915,48.790453722598,99.82301540044007,-51.03256167784206,0,-1,,0.0,0.0
916,39.669882258558594,87.75763510511824,-48.08775284655964,0,-1,,0.0,0.0
917,33.39762511587389,76.15458594580356,-42.75696082992969,0,-1,,0.0,0.0
918,26.49690577089905,64.86247281723449,-38.36556704633546,0,-1,,0.0,0.0
919,15.48463115133083,53.8921704035553,-38.40753925222447,0,-1,,0.0,0.0
920,2.0978989825946703,43.10050271240787,-41.0026037298132,0,-1,,0.0,0.0
921,-3.5351298663531927,33.24235146475125,-36.77748133110443,0,-1,,0.0,0.0
922,-7.777372433742446,24.055026552755944,-31.83239898649839,0,-1,,0.0,0.0
923,-14.739917631028753,15.54277523008128,-30.28269286111003,0,-1,,0.0,0.0
924,-16.02102179361361,8.341500172724434,-24.362521966338047,0,-1,,0.0,0.0
925,-16.703612746169473,2.077778505532427,-18.781391251701905,0,-1,,0.0,0.0
926,-16.625487707135772,-3.480345141468645,-13.145142565667124,0,-1,,0.0,0.0
927,-16.361283578326795,-8.242366180271517,-8.118917398055277,0,-1,,0.0,0.0
928,-20.996786381510532,-12.29585701725389,-8.700929364256638,0,-1,,0.0,0.0
929,-23.395563027789237,-15.128463907296545,-8.267099120492688,0,-1,,0.0,0.0
930,-21.616884102892953,-17.137547711356518,-4.479336391536434,0,-1,,0.0,0.0
931,-23.219851712377327,-18.85337874231595,-4.3664729700613805,0,-1,,0.0,0.0
932,-25.324436634977,-20.029436409421308,-5.2950002255556905,0,-1,,0.0,0.0
933,-30.485614019314934,-21.63661332338812,-8.849000695926813,0,-1,,0.0,0.0
934,-37.230883063942564,-23.917421136474022,-13.313461927468536,0,-1,,0.0,0.0
935,-40.095544397896965,-26.525205213225263,-13.570339184671704,0,-1,,0.0,0.0
936,-46.8048342925743,-29.907821959252768,-16.897012333321527,0,-1,,0.0,0.0
937,-48.91583560975559,-33.00993854016889,-15.905897069586699,0,-1,,0.0,0.0
938,-50.06201928078438,-35.972878123835024,-14.089141156949367,0,-1,,0.0,0.0
939,-52.936497678872634,-39.452835187832754,-13.483662491039865,0,-1,,0.0,0.0
940,-51.94319920241222,-42.644318242281095,-9.298880960131136,0,-1,,0.0,0.0
941,-50.84300114342724,-45.479714298775555,-5.3632868446516815,0,-1,,0.0,0.0
942,-50.11286643156723,-47.660520122359145,-2.4523463092080817,0,-1,,0.0,0.0
943,-46.14947762722061,-48.651475073834476,2.5019974466138706,0,1,,1.0,1.0
944,-41.44281125388585,-48.801171391166584,7.358360137280719,0,1,,1.0,0.0
945,-35.821405811250095,-47.58079044879722,11.759384637547125,0,1,,1.0,0.0
946,-28.369220869912592,-45.29783325548135,16.928612385568744,0,1,,1.0,0.0
947,-23.108325134655658,-42.30297835035592,19.194653215700267,0,1,,1.0,0.0
948,-13.579615076159527,-37.929991394498906,24.350376318339386,0,1,,1.0,0.0
949,-0.8644478816787315,-32.25457458108409,31.390126699405357,0,1,,1.0,0.0
950,6.533441688830828,-25.879414266388746,32.41285595521957,0,1,,1.0,0.0
951,12.612593453960756,-18.909918723552305,31.522512177513057,0,1,,1.0,0.0
952,18.91161501580352,-11.680908429882956,30.592523445686478,0,1,,1.0,0.0
953,23.79078652529901,-4.432730898862412,28.223517424161425,0,1,,1.0,0.0
954,30.54712321884988,2.941550104482029,27.605573114367854,0,1,,1.0,0.0
955,33.51866087220615,9.817981409161892,23.700679463044263,0,1,,1.0,0.0
956,39.013491218118155,16.72040544835898,22.293085769759173,0,1,,1.0,0.0
957,43.52632402576912,23.065509793017718,20.4608142327514,0,1,,1.0,0.0
958,55.180759950880066,29.292755107746483,25.888004843133587,0,1,,1.0,0.0
959,63.55830103651425,35.62885059082242,27.929450445691852,0,1,,1.0,0.0
960,70.22683888112998,42.03043341606345,28.196405465066533,0,1,,1.0,0.0
961,80.08205506781789,48.827148977398366,31.25490609041952,0,1,,1.0,0.0
962,89.94116883023331,56.177191455724405,33.76397737450891,0,1,,1.0,0.0
963,102.34587937122738,64.1548310282108,38.1910483430166,0,1,,1.0,0.0
964,105.58423783012621,72.16211735686858,33.42212047325762,0,1,,1.0,0.0
965,109.67733435631992,80.01365548333544,29.66367887298449,0,1,,1.0,0.0
966,115.01560204873377,87.95690859699819,27.05869345173558,0,1,,1.0,0.0
967,122.64156288912494,95.45255336791428,27.18900952121068,0,1,,1.0,0.0
968,123.50549783000156,102.11335301163507,21.392144818366504,0,1,,1.0,0.0
969,121.53550367523572,107.81431576653573,13.721187908700015,0,1,,1.0,0.0
970,124.20103404207475,112.71642454145315,11.484609500621614,0,1,,1.0,0.0
971,120.46950336504564,116.10846171198786,4.361041653057768,0,1,,1.0,0.0
972,116.69250310461754,117.70253101569789,-1.0100279110803427,0,-1,,0.0,-1.0
973,108.43904060648508,118.01973132418225,-9.580690717697152,0,-1,,0.0,0.0
974,107.20563488857023,117.74509804998782,-10.539463161417572,0,-1,,0.0,0.0
975,105.91423922914908,116.7338355144784,-10.819596285329325,0,-1,,0.0,0.0
976,102.90663601016242,114.54106586126035,-11.634429851097964,0,-1,,0.0,0.0
977,98.1861253197367,111.72780224900869,-13.541676929271958,0,-1,,0.0,0.0
978,87.95365807818506,107.99648607155862,-20.042827993373553,0,-1,,0.0,0.0
979,83.81280429943047,103.50890498904259,-19.696100689612138,0,-1,,0.0,0.0
980,78.45631669707173,98.8407731370455,-20.38445643997376,0,-1,,0.0,0.0
981,72.72359737400936,93.95533916697792,-21.231741792968567,0,-1,,0.0,0.0
982,69.55143829789571,89.63449446602355,-20.08305616812785,0,-1,,0.0,0.0
983,67.39639476369051,85.21124556325915,-17.814850799568642,0,-1,,0.0,0.0
984,64.50114422736975,80.60979056306145,-16.108646335691702,0,-1,,0.0,0.0
985,62.24443124293273,76.09176781114705,-13.847336568214311,0,-1,,0.0,0.0
986,65.30431124964754,72.43823291447045,-7.13392166482292,0,-1,,0.0,0.0
987,69.94502866204954,70.4372740904554,-0.4922454284058659,0,-1,,0.0,0.0
988,74.4672399500137,69.39887805163131,5.068361898382391,0,1,,1.0,1.0
989,74.26003147721897,68.93262413831434,5.327407338904635,0,1,,1.0,0.0
990,72.87772082531252,68.9497489662369,3.9279718590756265,0,1,,1.0,0.0
991,72.29620706444696,69.25472327363148,3.0414837908154913,0,1,,1.0,0.0
992,70.13940413913818,69.55950209312567,0.5799020460125064,0,1,,1.0,0.0
993,69.44297680998625,70.10859460230527,-0.6656177923190256,0,-1,,0.0,-1.0
994,69.74253423609477,70.94171715710105,-1.1991829210062974,0,-1,,0.0,0.0
995,66.76132596224168,71.10360768072263,-4.342281718480948,0,-1,,0.0,0.0
996,59.442272635030776,69.93663478883167,-10.4943621538009,0,-1,,0.0,0.0
997,51.55440143098433,67.39076384227286,-15.836362411288533,0,-1,,0.0,0.0
998,45.78202408433884,64.22654079861951,-18.444516714280667,0,-1,,0.0,0.0
999,39.365188317663595,60.50292607554741,-21.13773775788382,0,-1,,0.0,0.0
1000,33.899124978482,56.23658362155128,-22.33745864306929,0,-1,,0.0,0.0
1001,27.22463551178927,51.46827599629031,-24.24364048450104,0,-1,,0.0,0.0
1002,17.911705791088902,45.74257921641282,-27.83087342532392,0,-1,,0.0,0.0
1003,11.295888771505467,39.24850749812512,-27.952618726619647,0,-1,,0.0,0.0
1004,3.661072103803488,32.237368180520875,-28.57629607671739,0,-1,,0.0,0.0
1005,-5.596416875429221,25.0108471238031,-30.607263999232327,0,-1,,0.0,0.0
1006,-13.74357674609928,17.755516215238256,-31.49909296133754,0,-1,,0.0,0.0
1007,-20.926698793162075,10.343435895515931,-31.270134688678013,0,-1,,0.0,0.0
1008,-26.74245277783327,2.9981424404607244,-29.740595218294,0,-1,,0.0,0.0
1009,-33.578010396711534,-4.49931704567189,-29.07869335103964,0,-1,,0.0,0.0
1010,-41.21086067649143,-12.103261066591966,-29.10759960989946,0,-1,,0.0,0.0
1011,-47.25955941907737,-19.344512756610442,-27.91504666246693,0,-1,,0.0,0.0
1012,-49.598976509607134,-26.11060889895629,-23.48836761065084,0,-1,,0.0,0.0
1013,-53.90898455678956,-32.507281861244394,-21.40170269554516,0,-1,,0.0,0.0
1014,-54.89119923143032,-37.98447990080008,-16.906719330630242,0,-1,,0.0,0.0
1015,-55.93675275971537,-42.67261056897965,-13.264142190735717,0,-1,,0.0,0.0
1016,-58.537804035518036,-46.85162226257475,-11.68618177294328,0,-1,,0.0,0.0
1017,-62.50336208011746,-50.82505662949522,-11.67830545062224,0,-1,,0.0,0.0
1018,-64.55458888980199,-54.26689868428306,-10.287690205518947,0,-1,,0.0,0.0
1019,-64.67994088049747,-56.87457426250594,-7.805366617991524,0,-1,,0.0,0.0
1020,-63.93358719592021,-58.72724401548847,-5.206343180431722,0,-1,,0.0,0.0
1021,-80.18142183465119,-62.125293496048926,-18.05612833860225,0,-1,,0.0,0.0
1022,-99.07363984678209,-67.14358852827029,-31.9300513185118,0,-1,,0.0,0.0
1023,-118.58837673930758,-74.22105269581223,-44.36732404349534,0,-1,,0.0,0.0
1024,-138.43295544125237,-83.38729743820524,-55.045658003047116,0,-1,,0.0,0.0
1025,-156.3726104861235,-94.25783148827252,-62.11477899785098,0,-1,,0.0,0.0
1026,-174.09945994727826,-106.65739791795706,-67.44206202932118,0,-1,,0.0,0.0
1027,-192.44319248558068,-120.86724276193245,-71.57594972364821,0,-1,,0.0,0.0
1028,-211.155578603739,-137.1423136200704,-74.01326498366859,0,-1,,0.0,0.0
1029,-229.72359933587447,-155.56342608006534,-74.16017325580918,0,-1,,0.0,0.0
1030,-247.68882694443832,-174.17535998115275,-73.51346696328551,0,-1,,0.0,0.0
1031,-251.485120039986,-191.10996889150883,-60.375151148477194,0,-1,,0.0,0.0
1032,-253.70877515943008,-206.12334649374463,-47.585428665685434,0,-1,,0.0,0.0
1033,-256.5286857765966,-219.24509430878285,-37.28359146781375,0,-1,,0.0,0.0
1034,-259.5698532247549,-230.7114546130753,-28.858398611679657,0,-1,,0.0,0.0
1035,-262.56709601176965,-240.5411919535743,-22.025904058195444,0,-1,,0.0,0.0
1036,-257.1809589919817,-247.73427712095216,-9.44668187102954,0,-1,,0.0,0.0
1037,-249.4124636341368,-251.98504212432968,2.5725784901929103,0,1,,1.0,1.0
1038,-242.08151349369754,-253.35814369742116,11.276630203723586,0,1,,1.0,0.0
1039,-233.36606714484108,-251.76672594191032,18.400658797069184,0,1,,1.0,0.0
1040,-224.98527289989585,-248.82229848190033,23.83702558200449,0,1,,1.0,0.0
1041,-210.4686838917643,-244.0178438966041,33.54916000483982,0,1,,1.0,0.0
1042,-194.94396072194442,-237.17509666830935,42.23113594636493,0,1,,1.0,0.0
1043,-178.25385125855172,-228.13998533873124,49.88613408017952,0,1,,1.0,0.0
1044,-160.74313581440526,-216.8262119834685,56.08307616906328,0,1,,1.0,0.0
1045,-141.88881443368825,-204.01597369921367,62.12715926552546,0,1,,1.0,0.0
1046,-126.72249908495937,-190.3837554159717,63.66125633101235,0,1,,1.0,0.0
1047,-114.40376920600572,-176.197339384006,61.79357017800028,0,1,,1.0,0.0
1048,-104.44881734372345,-161.87320051721517,57.424383173491705,0,1,,1.0,0.0
1049,-94.40467149170793,-147.36424480519432,52.959573313486345,0,1,,1.0,0.0
1050,-83.79073975559774,-133.28891767895354,49.4981779233558,0,1,,1.0,0.0
1051,-73.85621811978508,-119.83472405649141,45.97850593670631,0,1,,1.0,0.0
1052,-65.14167080332388,-107.26670400591051,42.12503320258664,0,1,,1.0,0.0
1053,-58.63943614700593,-95.92184848731058,37.282412340304646,0,1,,1.0,0.0
1054,-51.49631739324909,-85.87823770503955,34.38192031179047,0,1,,1.0,0.0
1055,-45.51372092990624,-76.85504013225591,31.34131920234965,0,1,,1.0,0.0
1056,-39.69287047716508,-68.55382916238472,28.86095868521964,0,1,,1.0,0.0
1057,-31.120040782076874,-60.406187322201774,29.28614654012489,0,1,,1.0,0.0
1058,-23.28221954938491,-52.503692661943646,29.221473112558733,0,1,,1.0,0.0
1059,-13.167008157677053,-44.65661137328579,31.48960321560874,0,1,,1.0,0.0
1060,-2.390052762346398,-36.71592633357039,34.32587357122398,0,1,,1.0,0.0
1061,7.871326154661009,-28.60337111601651,36.474697270677524,0,1,,1.0,0.0
1062,19.382855553023575,-19.934227593791007,39.31708314681458,0,1,,1.0,0.0
1063,32.972161972642354,-10.548840997580848,43.52100297022321,0,1,,1.0,0.0
1064,44.19358019167612,-0.5813630951828088,44.77494328685893,0,1,,1.0,0.0
1065,55.39980436520385,9.984489665080405,45.41531470012343,0,1,,1.0,0.0
1066,59.8371920007536,20.090848863172678,39.74634313758092,0,1,,1.0,0.0
1067,63.07252112479059,29.685820049192184,33.38670107559841,0,1,,1.0,0.0
1068,68.73167233600373,38.78567343737894,29.945998898624786,0,1,,1.0,0.0
1069,68.78717748374466,46.694254575833504,22.092922907911163,0,1,,1.0,0.0
1070,68.85721879944435,53.47046486969831,15.386753929746046,0,1,,1.0,0.0
1071,71.03446321818146,59.209532388049205,11.82493083013226,0,1,,1.0,0.0
1072,72.4015478725657,63.59057526581847,8.810972606747233,0,1,,1.0,0.0
1073,74.92106875556564,67.0047406618062,7.9163280937594465,0,1,,1.0,0.0
1074,73.69372544952836,69.03739856006447,4.656326889463884,0,1,,1.0,0.0
1075,71.82590482685173,70.36947776296427,1.4564270638874746,0,1,,1.0,0.0
1076,70.87573014729105,71.23650098768655,-0.36077084039550295,0,-1,,0.0,-1.0
1077,70.27578932701464,71.40806954224331,-1.1322802152286755,0,-1,,0.0,0.0
1078,71.6918426019258,71.73081011093011,-0.038967509004322665,0,-1,,0.0,0.0
1079,74.28861063638476,72.33429809281238,1.9543125435723707,0,1,,1.0,1.0
1080,75.99121061752929,72.88504780385101,3.1061628136782677,0,1,,1.0,0.0
1081,76.06023831569377,73.29156896419858,2.7686693514951912,0,1,,1.0,0.0
1082,75.15419775799901,73.31747218669119,1.8367255713078376,0,1,,1.0,0.0
1083,71.52458317963759,73.07645637892554,-1.5518731992879538,0,-1,,0.0,-1.0
1084,69.59419475044422,72.82848859265803,-3.2342938422138165,0,-1,,0.0,0.0
1085,69.4108906079127,72.66572864383822,-3.254838035925516,0,-1,,0.0,0.0
1086,69.13263560581349,72.53871156370475,-3.406075957891261,0,-1,,0.0,0.0
1087,66.53250686122054,71.96545203695972,-5.432945175739177,0,-1,,0.0,0.0
1088,59.92451227801939,70.36944110825245,-10.444928830233069,0,-1,,0.0,0.0
1089,56.60659464276159,68.21559488883382,-11.609000246072235,0,-1,,0.0,0.0
1090,56.201619844197396,66.00908172533423,-9.807461881136833,0,-1,,0.0,0.0
1091,53.083272358270456,63.55675668091995,-10.473484322649504,0,-1,,0.0,0.0
1092,62.10101959551716,62.50969406046213,-0.4086744649449656,0,-1,,0.0,0.0
1093,67.14307842848196,62.23734780246632,4.9057306260156315,0,1,,1.0,1.0
1094,70.07335069897722,62.31095447925127,7.76239621972595,0,1,,1.0,0.0
1095,71.1664413643325,62.5369328968645,8.629508467468,0,1,,1.0,0.0
1096,75.52801021008173,63.53643326896018,11.991576941121549,0,1,,1.0,0.0
1097,82.00009978779777,65.98927632560222,16.010823462195532,0,1,,1.0,0.0
1098,89.58304186568415,69.65332601703807,19.929715848646072,0,1,,1.0,0.0
1099,99.95022412312723,74.51428204803027,25.43594207509697,0,1,,1.0,0.0
1100,109.01157371729461,80.72853775458852,28.28303596270611,0,1,,1.0,0.0
1101,119.91174414692871,87.15195159363424,32.759792553294474,0,1,,1.0,0.0
1102,119.85275702771915,93.00858254910506,26.844174478614136,0,1,,1.0,0.0
1103,118.42331270677867,98.38080054997187,20.042512156806826,0,1,,1.0,0.0
1104,117.64230806550665,103.54478573899121,14.097522326515431,0,1,,1.0,0.0
1105,114.51375130193523,107.87653474919716,6.6372165527380815,0,1,,1.0,0.0
1106,105.61725263098528,110.5006628428847,-4.883410211899374,0,-1,,0.0,-1.0
1107,90.21555913000714,110.57094253892056,-20.355383408913426,0,-1,,0.0,0.0
1108,83.91388354942424,108.78912691962023,-24.87524337019597,0,-1,,0.0,0.0
1109,73.94098006641777,104.89239429174502,-30.951414225327248,0,-1,,0.0,0.0
1110,65.44282335185571,98.84029198118135,-33.397468629325644,0,-1,,0.0,0.0
1111,52.25585145481902,91.32952469530356,-39.073673240484545,0,-1,,0.0,0.0
1112,33.59120718070645,81.90373519240664,-48.312528011700195,0,-1,,0.0,0.0
1113,17.89693664592334,70.82091614578627,-52.92397949986293,0,-1,,0.0,0.0
1114,6.696319370874134,58.84120148677948,-52.144882115905354,0,-1,,0.0,0.0
1115,-10.674881084170917,45.91985329620658,-56.594734380377496,0,-1,,0.0,0.0
1116,-35.9674634865358,31.899517449924026,-67.86698093645983,0,-1,,0.0,0.0
1117,-51.809977133514614,16.819088485153042,-68.62906561866765,0,-1,,0.0,0.0
1118,-83.37154725962725,-0.6600812177408497,-82.71146604188641,0,-1,,0.0,0.0
1119,-112.35788003030432,-20.41571492686974,-91.94216510343458,0,-1,,0.0,0.0
1120,-148.7755403874504,-42.75253624267746,-106.02300414477295,0,-1,,0.0,0.0
1121,-175.65293628563194,-66.00188551671505,-109.65105076891687,0,-1,,0.0,0.0
1122,-198.2039495585764,-90.01309509499279,-108.1908544635836,0,-1,,0.0,0.0
1123,-219.26245069186828,-115.11962510196415,-104.14282558990409,0,-1,,0.0,0.0
1124,-239.3499712265776,-140.5279684511205,-98.82200277545714,0,-1,,0.0,0.0
1125,-254.3864076299053,-164.79674002260597,-89.58966760729936,0,-1,,0.0,0.0
1126,-257.3527215366266,-187.63482273406285,-69.71789880256371,0,-1,,0.0,0.0
1127,-266.68890730994417,-208.0034182952092,-58.685489014735005,0,-1,,0.0,0.0
1128,-266.08406530910224,-225.08410554840896,-40.99995976069329,0,-1,,0.0,0.0
1129,-271.5539498210368,-238.7261510410297,-32.8277987800071,0,-1,,0.0,0.0
1130,-271.3951595853712,-249.36417585211186,-22.03098373325932,0,-1,,0.0,0.0
1131,-270.4876522465488,-257.3956983729977,-13.091953873551118,0,-1,,0.0,0.0
1132,-272.1578842649837,-263.2729687700105,-8.8849154949732,0,-1,,0.0,0.0
1133,-261.5235313765564,-265.73669767556373,4.213166299007355,0,1,,1.0,1.0
1134,-253.00449349895118,-265.58315166101323,12.578658162062053,0,1,,1.0,0.0
1135,-231.2910812209089,-262.68741384815564,31.39633262724681,0,1,,1.0,0.0
1136,-212.45575699073058,-256.66150825713197,44.20575126640136,0,1,,1.0,0.0
1137,-192.4801581200333,-248.4832963472354,56.0031382272021,0,1,,1.0,0.0
1138,-168.8861967664625,-237.07576823006048,68.189571463598,0,1,,1.0,0.0
1139,-146.29775169186524,-223.1760562418932,76.87830455002793,0,1,,1.0,0.0
1140,-122.95498516372429,-206.78353767713486,83.82855251341056,0,1,,1.0,0.0
1141,-103.20442145793741,-188.01093069857413,84.80650924063677,0,1,,1.0,0.0
1142,-79.04558070641572,-167.73560284633632,88.69002213992056,0,1,,1.0,0.0
1143,-68.51591770814375,-147.23687220291325,78.7209544947695,0,1,,1.0,0.0
1144,-49.572290086018974,-127.04589541014771,77.47360532412873,0,1,,1.0,0.0
1145,-38.55726165379879,-107.72384037271084,69.16657871891205,0,1,,1.0,0.0
1146,-22.334280696178766,-88.81874288117146,66.48446218499268,0,1,,1.0,0.0
1147,0.1531164481371472,-70.03659696843816,70.1897134165753,0,1,,1.0,0.0
1148,12.300013629173545,-52.41462304387829,64.71463667305184,0,1,,1.0,0.0
1149,34.12970991141183,-34.96076803552983,69.09047794694165,0,1,,1.0,0.0
1150,47.68988314766652,-18.19473419046273,65.88461733812926,0,1,,1.0,0.0
1151,57.76841186371051,-2.9931794604487028,60.76159132415921,0,1,,1.0,0.0
1152,68.33385399819407,12.212350729144386,56.12150326904968,0,1,,1.0,0.0
1153,80.88148830720698,26.70721499505839,54.1742733121486,0,1,,1.0,0.0
1154,83.44471102258024,40.26298973687827,43.18172128570197,0,1,,1.0,0.0
1155,90.22173059719499,52.76921321391981,37.4525173832752,0,1,,1.0,0.0
1156,97.28367079453683,63.56149703018643,33.722173764350394,0,1,,1.0,0.0
1157,99.08123759512573,73.20385524862556,25.877382346500173,0,1,,1.0,0.0
1158,105.2161145087025,81.10234464832453,24.11376986037797,0,1,,1.0,0.0
1159,99.60338989890232,86.87051206512852,12.7328778337738,0,1,,1.0,0.0
1160,102.97173135268602,91.89310311945913,11.078628233226896,0,1,,1.0,0.0
1161,104.3703302031462,95.89715603112049,8.473174172025706,0,1,,1.0,0.0
1162,106.58950662559164,98.75360251094101,7.83590411465066,0,1,,1.0,0.0
1163,108.05640096044591,101.4882347262594,6.568166234186506,0,1,,1.0,0.0
1164,111.84293746293136,103.89059104467457,7.952346418256822,0,1,,1.0,0.0
1165,113.67252121188926,105.7115744243804,7.960946787508874,0,1,,1.0,0.0
1166,117.44559700750021,107.75205880353313,9.693538203967094,0,1,,1.0,0.0
1167,124.28888970752348,109.87125604784654,14.417633659676936,0,1,,1.0,0.0
1168,130.83663549164277,113.34161666926214,17.49501882238063,0,1,,1.0,0.0
1169,137.9654512187033,117.22980776548629,20.735643453217012,0,1,,1.0,0.0
1170,141.56650711404555,121.36271631114175,20.203790802903786,0,1,,1.0,0.0
1171,146.68444531297834,125.81770949862918,20.866735814349155,0,1,,1.0,0.0
1172,150.9454250598306,130.58315662078303,20.362268439047572,0,1,,1.0,0.0
1173,163.35997422321074,136.30727181636962,27.05270240684112,0,1,,1.0,0.0
1174,169.04245025181268,142.45948615413892,26.582964097673827,0,1,,1.0,0.0
1175,172.7047660745121,148.5993938282513,24.1053722462608,0,1,,1.0,0.0
1176,177.9517990358371,154.56193930917505,23.389859726662078,0,1,,1.0,0.0
1177,177.18361367660802,159.71160355194894,17.47201012465905,0,1,,1.0,0.0
1178,178.71464861797915,164.23929215186843,14.475356466110695,0,1,,1.0,0.0
1179,175.10214545629668,167.96547418989638,7.136671266400357,0,1,,1.0,0.0
1180,176.95829501533316,171.32923526793581,5.629059747397406,0,1,,1.0,0.0
1181,178.53214512148514,174.39442638589742,4.137718735587725,0,1,,1.0,0.0
1182,177.16553660354649,175.92837776149028,1.2371588420562318,0,1,,1.0,0.0
1183,170.43404734617096,176.0829996608634,-5.6489523146924805,0,-1,,0.0,-1.0
1184,164.90937138361937,175.2168446952087,-10.307473311589321,0,-1,,0.0,0.0
1185,155.35845339147068,172.70647295694576,-17.348019565475052,0,-1,,0.0,0.0
1186,141.00939515530825,168.687115343468,-27.677720188159785,0,-1,,0.0,0.0
1187,126.21877869264593,162.85424090731988,-36.635462214673964,0,-1,,0.0,0.0
1188,104.8204060669275,155.0451587529455,-50.22475268601799,0,-1,,0.0,0.0
1189,94.651629110096,145.89997365236363,-51.24834454226762,0,-1,,0.0,0.0
1190,75.37483189368803,134.43804996038614,-59.06321806669811,0,-1,,0.0,0.0
1191,54.08437816327057,120.7623656892444,-66.67798752597382,0,-1,,0.0,0.0
1192,35.699514571734746,105.79186204764036,-70.0923474759056,0,-1,,0.0,0.0
1193,18.56370858928053,89.53123284826937,-70.96752425898885,0,-1,,0.0,0.0
1194,7.6970354787261,73.12440863574221,-65.42737315701609,0,-1,,0.0,0.0
1195,-1.9728714603660824,57.2374901228895,-59.210361583255576,0,-1,,0.0,0.0
1196,-12.372253607853713,41.838486533945094,-54.21074014179881,0,-1,,0.0,0.0
1197,-15.13063980815009,28.510592547825368,-43.641232355975454,0,-1,,0.0,0.0
1198,-12.401716549022755,16.61577636347884,-29.01749291250159,0,-1,,0.0,0.0
1199,-8.955306468432758,7.245760989909863,-16.201067458342617,0,-1,,0.0,0.0
1200,-2.037044725629167,1.010047335587671,-3.047092061216837,0,-1,,0.0,0.0
1201,6.8455555627557185,-2.1959481098544438,9.041503672610162,0,1,,1.0,1.0
1202,18.432010931820308,-2.210581182905579,20.64259211472589,0,1,,1.0,0.0
1203,27.880227950101105,0.031995758358310096,27.848232191742788,0,1,,1.0,0.0
1204,37.23387508914493,4.388300930526198,32.845574158618724,0,1,,1.0,0.0
1205,51.83439080755498,11.522372532238276,40.3120182753167,0,1,,1.0,0.0
1206,64.93331871260521,20.41836792343331,44.514950789171905,0,1,,1.0,0.0
1207,73.67742733092945,29.982717243428002,43.69471008750144,0,1,,1.0,0.0
1208,84.85389845304482,40.40596223470329,44.44793621834155,0,1,,1.0,0.0
1209,96.2042563921567,51.32166235890172,44.88259403325496,0,1,,1.0,0.0
1210,108.4341795269425,62.60928724381136,45.82489228313114,0,1,,1.0,0.0
1211,117.7331084723386,73.64274252609117,44.090365946247424,0,1,,1.0,0.0
1212,122.85962966399755,84.19600938319077,38.663620280806796,0,1,,1.0,0.0
1213,124.78397841369085,93.92379864147364,30.86017977221721,0,1,,1.0,0.0
1214,123.5380983501015,101.89087725731217,21.647221092789348,0,1,,1.0,0.0
1215,118.30702997862223,107.82128962020296,10.485740358419292,0,1,,1.0,0.0
1216,113.05104175090176,112.19613566686657,0.8549060840352212,0,1,,1.0,0.0
1217,106.22674076553172,114.57089592380952,-8.3441551582778,0,-1,,0.0,-1.0
1218,101.69693048925949,115.18119304570986,-13.48426255645036,0,-1,,0.0,0.0
1219,96.23342057332123,113.82555316197416,-17.592132588652913,0,-1,,0.0,0.0
1220,94.0964760418977,111.19926066970294,-17.102784627805235,0,-1,,0.0,0.0
1221,93.64446968192921,107.9531317828065,-14.308662100877257,0,-1,,0.0,0.0
1222,92.74177725827379,104.39288720998236,-11.651109951708545,0,-1,,0.0,0.0
1223,91.71895087163996,100.85742637904215,-9.138475507402203,0,-1,,0.0,0.0
1224,90.40150430595725,97.75681241541271,-7.355308109455477,0,-1,,0.0,0.0
1225,88.97207984999281,95.08137220420059,-6.109292354207796,0,-1,,0.0,0.0
1226,89.08433957116536,93.17666096038212,-4.092321389216778,0,-1,,0.0,0.0
1227,91.08588290034494,91.99765567272495,-0.9117727723800044,0,-1,,0.0,0.0
1228,90.7937012326817,91.39324241265386,-0.5995411799722206,0,-1,,0.0,0.0
1229,93.2501751305134,91.29920897805565,1.9509661524577808,0,1,,1.0,1.0
1230,98.58593937084896,91.84826116571337,6.73767820513558,0,1,,1.0,0.0
1231,104.63425877816408,93.16964800125677,11.464610776907337,0,1,,1.0,0.0
1232,110.16918348585301,95.21967384728043,14.949509638572593,0,1,,1.0,0.0
1233,111.99648080560586,97.61911568057472,14.377365125031133,0,1,,1.0,0.0
1234,115.4553875332548,100.56170542315935,14.893682110095424,0,1,,1.0,0.0
1235,114.32683871901293,103.36642755069799,10.960411168314934,0,1,,1.0,0.0
1236,115.09731303187436,106.03436423197904,9.062948799895338,0,1,,1.0,0.0
1237,120.18945980754988,109.30055962918664,10.888900178363244,0,1,,1.0,0.0
1238,120.20854911806458,112.2959345166923,7.912614601372282,0,1,,1.0,0.0
1239,115.67424132613407,114.1946347339462,1.4796065921878636,0,1,,1.0,0.0
1240,106.11902180267981,114.35960840333685,-8.24058660065701,0,-1,,0.0,-1.0
1241,100.19956736131971,113.25187327838869,-13.052305917068965,0,-1,,0.0,0.0
1242,93.11659512633463,111.15410820291409,-18.037513076579486,0,-1,,0.0,0.0
1243,87.69569298052885,108.06969769705566,-20.3740047165268,0,-1,,0.0,0.0
1244,79.60162708892524,104.21134084926813,-24.6097137603429,0,-1,,0.0,0.0
1245,70.32819371910846,99.2369942589608,-28.90880053985235,0,-1,,0.0,0.0
1246,61.47262927652253,92.71290197773556,-31.24027270121303,0,-1,,0.0,0.0
1247,47.63975108852496,84.64970219667559,-37.00995110815064,0,-1,,0.0,0.0
1248,40.12356787939472,76.25518292481566,-36.131615045420936,0,-1,,0.0,0.0
1249,34.71498913687747,68.32140151750428,-33.60641238062681,0,-1,,0.0,0.0
1250,39.709262061768,61.60025648422075,-21.89099442245275,0,-1,,0.0,0.0
1251,47.10482306823455,56.48783736665407,-9.383014298419523,0,-1,,0.0,0.0
1252,47.92141883363513,52.06847357255476,-4.1470547389196275,0,-1,,0.0,0.0
1253,54.334988723166504,49.26106930969267,5.073919413473838,0,1,,1.0,1.0
1254,62.98285553590802,48.4449206226704,14.537934913237619,0,1,,1.0,0.0
1255,74.89259525418264,49.93602795352152,24.956567300661117,0,1,,1.0,0.0
1256,83.06443327459392,53.87210375197364,29.192329522620287,0,1,,1.0,0.0
1257,96.54066198532105,60.14066976374322,36.39999222157783,0,1,,1.0,0.0
1258,107.81088173494476,68.26243560797292,39.54844612697185,0,1,,1.0,0.0
1259,123.47643306346636,77.56989905260609,45.90653401086026,0,1,,1.0,0.0
